case_id,query,reference,expected,strategy,method,answer,em,f1,rouge_l,semantic_similarity,key_precision,key_recall,latency_s,doc_context,graph_context
Q01,掘进工作面瓦斯浓度持续上升并接近超限，调度室应立即组织哪些处置步骤？,应立即停止作业，切断相关电源，组织作业人员沿避灾路线撤离，加强通风和瓦斯复测，并向调度室和相关专业部门报告。,"['瓦斯超限', '停止作业', '切断电源', '撤离人员', '加强通风', '上报调度', '复测']",pure_llm,纯LLM,"风险判断：存在瓦斯超限引发爆炸或窒息事故的高风险。  
依据：瓦斯浓度持续上升接近超限值，违反煤矿安全规程中关于瓦斯浓度控制的规定。  
处置动作：立即停止掘进作业，切断电源，撤出人员，加强通风，启动瓦斯抽采或排放措施，实时监测浓度变化。  
责任分工：调度室负责指挥协调，通风部门调整风量，瓦斯检查员现场监测，掘进队执行撤人停电，安全员监督措施落实。",0.8571,0.6316,0.2534,0.7006,0.5,0.8571,2.116,,
Q01,掘进工作面瓦斯浓度持续上升并接近超限，调度室应立即组织哪些处置步骤？,应立即停止作业，切断相关电源，组织作业人员沿避灾路线撤离，加强通风和瓦斯复测，并向调度室和相关专业部门报告。,"['瓦斯超限', '停止作业', '切断电源', '撤离人员', '加强通风', '上报调度', '复测']",vector_rag,纯向量RAG,"风险判断：掘进工作面瓦斯浓度持续上升接近超限，存在瓦斯积聚引发爆炸或窒息的重大安全风险。  
依据：根据规程第一百九十二条，甲烷浓度达1.0%时必须停止作业、撤人并处理。  
处置动作：调度室应立即通知现场停止作业、切断电源、撤出人员，并启动瓦斯超限应急预案，加强通风或采取抽采措施。  
责任分工：调度室负责指挥协调，通风部门负责调整风量或启动抽采系统，安监人员监督撤人并排查隐患。",0.8571,0.7059,0.2025,0.6889,0.6,0.8571,2.555,第一百零八条-108 || 第一百九十二条-192 || 第一百九十三条-193 || 第一百九十九条-198,
Q01,掘进工作面瓦斯浓度持续上升并接近超限，调度室应立即组织哪些处置步骤？,应立即停止作业，切断相关电源，组织作业人员沿避灾路线撤离，加强通风和瓦斯复测，并向调度室和相关专业部门报告。,"['瓦斯超限', '停止作业', '切断电源', '撤离人员', '加强通风', '上报调度', '复测']",hybrid_graph,混合图检索策略,"风险判断：掘进工作面瓦斯浓度持续上升接近超限，存在瓦斯积聚和爆炸风险。  
依据：规程第一百九十二条、第一百九十三条明确甲烷浓度达1.0%时必须停止作业、撤人并处理。  
处置动作：调度室应立即下令停止掘进作业，切断电源，撤出人员，加强通风并启动瓦斯抽采系统。  
责任分工：调度室负责指挥协调，通风部门调整风量，瓦斯抽采队启动泵房，安监人员监督撤人并监测浓度变化。",1.0,0.7368,0.2456,0.7023,0.5833,1.0,2.021,第一百零八条-108 || 第一百九十二条-192 || 第一百九十三条-193 || 第一百九十九条-198,抽采瓦斯泵房->监测预警系统@第二百零三条 || 爆破地点附近20m以内风流中甲烷浓度达到或超过1.0%->使用不燃性材料支护@第五十三条 || 爆破地点附近20m以内风流中甲烷浓度达到或超过1.0%->严禁采用可燃性材料搭设临时操作间、休息间@第五十三条 || 将瓦斯引排到地面->稀释后风流中瓦斯浓度不超限@第二百零四条 || 将瓦斯引排到总回风巷或采区回风巷->稀释后风流中瓦斯浓度不超限@第二百零四条
Q02,井下运输巷道出现明火和浓烟，如何组织初期救援并防止事故扩大？,应先停止危险作业并切断电源，组织人员撤离和设置警戒，通知调度室、通防和救护力量，控制火源并持续监测烟雾和有害气体。,"['火灾', '停止作业', '切断电源', '撤离人员', '设置警戒', '上报调度', '组织救援', '持续监测']",pure_llm,纯LLM,"风险判断：井下运输巷道出现明火和浓烟，存在火灾蔓延、有毒气体扩散及人员中毒窒息风险。  
依据：火灾产生高温、一氧化碳等有毒气体，浓烟降低能见度，威胁人员安全，可能引发瓦斯爆炸。  
处置动作：立即启动应急预案，切断电源，停止运输设备，组织人员沿避灾路线逆风撤离，启用局部通风排烟。  
责任分工：跟班队长指挥现场撤离，瓦检员监测气体浓度，电工切断电源，救护队待命准备救援，调度室协调上报。",0.75,0.6,0.1728,0.7171,0.5,0.75,2.218,,
Q02,井下运输巷道出现明火和浓烟，如何组织初期救援并防止事故扩大？,应先停止危险作业并切断电源，组织人员撤离和设置警戒，通知调度室、通防和救护力量，控制火源并持续监测烟雾和有害气体。,"['火灾', '停止作业', '切断电源', '撤离人员', '设置警戒', '上报调度', '组织救援', '持续监测']",vector_rag,纯向量RAG,"风险判断：井下运输巷道出现明火和浓烟，存在火灾迅速蔓延、有毒有害气体扩散及人员窒息风险。  
依据：根据规程第二百六十七条，发现自然发火征兆必须立即停止作业并采取有效措施，防止事故扩大。  
处置动作：立即切断电源，停止作业，启动应急预案，组织人员沿避灾路线撤离，同时通知矿山救护队封闭危险区域。  
责任分工：现场负责人组织撤人并报告调度室，矿山救护队负责火区封闭与初期处置，通风部门保障通风系统稳定。",0.75,0.6667,0.208,0.7336,0.6,0.75,2.32,第二百八十四条-282 || 第二百六十七条-265 || 第二百三十九条-237 || 第二百五十八条-256,
Q02,井下运输巷道出现明火和浓烟，如何组织初期救援并防止事故扩大？,应先停止危险作业并切断电源，组织人员撤离和设置警戒，通知调度室、通防和救护力量，控制火源并持续监测烟雾和有害气体。,"['火灾', '停止作业', '切断电源', '撤离人员', '设置警戒', '上报调度', '组织救援', '持续监测']",hybrid_graph,混合图检索策略,"风险判断：井下运输巷道明火和浓烟可能引发火灾扩大、烟雾蔓延及巷道垮塌，威胁人员安全。  
依据：根据规程第二百六十七条，发现自然发火征兆必须立即停止作业并撤出人员；第七百六十九条要求控制烟雾蔓延，防止火灾扩大。  
处置动作：立即切断电源，启动应急预案，由矿调度室通知矿山救护队，封闭危险区域，组织人员沿避灾路线撤离。  
责任分工：矿调度室负责通知救援力量，救护队负责初期灭火与通风控制，现场负责人组织人员撤离，通风部门调控风流防烟雾扩散。",0.75,0.6667,0.2156,0.7527,0.6,0.75,2.241,第二百八十四条-282 || 第二百六十七条-265 || 第二百三十九条-237 || 第二百五十八条-256,矿调度室->通知救援力量@第二百七十七条 || 矿井火灾->控制烟雾蔓延@第七百六十九条 || 上、下山火灾->防止巷道垮塌@第七百六十九条 || 设备故障引发火灾->加强巷道维护@第二百五十三条 || 上、下山火灾->巷道垮塌@第七百六十九条
Q03,掘进面连续出现挂红、挂汗和底鼓现象，是否属于突水前兆，应如何处置？,该情况属于突水前兆，应立即停止作业，撤出受威胁区域人员，报告调度室，设置警戒，并开展水害排查和排水准备。,"['水害', '突水前兆', '停止作业', '撤离人员', '上报调度', '设置警戒', '排水']",pure_llm,纯LLM,"风险判断：属于突水前兆，存在突水风险。  
依据：挂红表明水中含铁锈，挂汗反映裂隙渗水，底鼓说明底板受压变形，三者均为典型突水征兆。  
处置动作：立即停止掘进，撤出人员，切断电源，加强监测，并启动应急预案。  
责任分工：现场负责人组织撤人并报告调度室，技术部门分析水源及通道，应急队伍待命准备排水与封堵。",0.7143,0.5882,0.2741,0.7782,0.5,0.7143,1.966,,
Q03,掘进面连续出现挂红、挂汗和底鼓现象，是否属于突水前兆，应如何处置？,该情况属于突水前兆，应立即停止作业，撤出受威胁区域人员，报告调度室，设置警戒，并开展水害排查和排水准备。,"['水害', '突水前兆', '停止作业', '撤离人员', '上报调度', '设置警戒', '排水']",vector_rag,纯向量RAG,"风险判断：掘进面出现挂红、挂汗和底鼓现象属于突水前兆。  
依据：根据《煤矿安全规程》第二百九十二条，挂红、挂汗、底板鼓起均为透水征兆。  
处置动作：立即停止作业，撤出受威胁区域人员，报告矿调度室并发出警报。  
责任分工：现场带班人员负责组织撤人并报告，调度室启动应急响应，技术部门查明原因并排除隐患。",0.7143,0.7143,0.3469,0.7343,0.7143,0.7143,1.824,第二百九十二条-290 || 第六百五十条-641 || 第七百零六条-696 || 第七百零八条-698,
Q03,掘进面连续出现挂红、挂汗和底鼓现象，是否属于突水前兆，应如何处置？,该情况属于突水前兆，应立即停止作业，撤出受威胁区域人员，报告调度室，设置警戒，并开展水害排查和排水准备。,"['水害', '突水前兆', '停止作业', '撤离人员', '上报调度', '设置警戒', '排水']",hybrid_graph,混合图检索策略,"风险判断：掘进面挂红、挂汗和底鼓属于突水前兆，存在透水风险。  
依据：规程第二百九十二条明确将挂红、挂汗、底板鼓起列为透水征兆，知识图谱显示透水征兆直接关联水害。  
处置动作：立即停止作业，撤出受威胁人员，报告调度室并发出警报，查明原因前禁止采掘。  
责任分工：现场带班人员负责撤人警戒，矿调度室组织应急处置，地测部门负责水情分析。",0.8571,0.8,0.3113,0.7851,0.75,0.8571,6.598,第二百九十二条-290 || 第六百五十条-641 || 第七百零六条-696 || 第七百零八条-698,透水征兆->水害@第二百九十二条 || 进行地下水动态观测分析->滞后突水@第三百一十四条 || 突水风险->编制探放水设计@第三百一十四条 || 突水风险->顶钻@第三百二十六条 || 突水风险->来压@第三百二十六条
Q04,井下2名作业人员失联且对讲机无响应，搜救行动应如何分组并保证救援队安全？,应立即核对人员位置并上报调度，组织救护队分组搜救，保持通信联络，设置警戒和安全员监护，严禁盲目进入高风险区域。,"['人员失联', '核对人数', '上报调度', '组织救援', '保持通信', '设置警戒', '安全员']",pure_llm,纯LLM,"风险判断：失联区域可能存在瓦斯积聚、冒顶或有害气体超标，威胁救援人员安全。  
依据：煤矿安全规程要求救援必须确保自身安全，防止次生事故。  
处置动作：将救援队分为侦察组、搜救组、保障组，侦察组先行检测气体、顶板，确认安全后搜救组进入，保障组负责通风、通讯和应急撤离。  
责任分工：指挥员统一调度，侦察组负责环境评估，搜救组执行营救，保障组维持生命支持与通道安全，每组设安全员实时监测风险。",0.4286,0.375,0.1893,0.6392,0.3333,0.4286,2.6,,
Q04,井下2名作业人员失联且对讲机无响应，搜救行动应如何分组并保证救援队安全？,应立即核对人员位置并上报调度，组织救护队分组搜救，保持通信联络，设置警戒和安全员监护，严禁盲目进入高风险区域。,"['人员失联', '核对人数', '上报调度', '组织救援', '保持通信', '设置警戒', '安全员']",vector_rag,纯向量RAG,"风险判断：井下失联人员可能处于有毒有害气体环境或巷道坍塌区域，搜救行动存在高瓦斯、缺氧及二次事故风险。  
依据：规程第七百六十六条明确救援小队不得少于6人，严禁单独行动，且需全程保持联络与呼吸器压力达标。  
处置动作：立即组建不少于6人的专业救护小队，分组时确保每组至少2人互为监护，携带气体检测仪与备用呼吸器，沿避灾路线分段搜索。  
责任分工：井下基地指挥员负责协调联络与气体监测，带队指挥员实时评估风险并决策撤离，急救员待命于基地准备接应。",0.4286,0.375,0.1255,0.5829,0.3333,0.4286,2.827,第七百六十四条-753 || 第七百三十六条-725 || 第七百六十六条-755 || 第七百六十三条-752,
Q04,井下2名作业人员失联且对讲机无响应，搜救行动应如何分组并保证救援队安全？,应立即核对人员位置并上报调度，组织救护队分组搜救，保持通信联络，设置警戒和安全员监护，严禁盲目进入高风险区域。,"['人员失联', '核对人数', '上报调度', '组织救援', '保持通信', '设置警戒', '安全员']",hybrid_graph,混合图检索策略,"风险判断：失联区域可能存在有毒有害气体或冒顶风险，威胁救援人员安全。  
依据：规程第七百六十六条要求救援小队不少于6人，严禁单独行动，且须保持通信联络。  
处置动作：搜救行动应分组为至少6人小队，携带完好氧气呼吸器（压力≥18MPa）和应急通信设备，保持可视或可听联络。  
责任分工：矿山救护队指挥员负责分组指挥，井下基地专人监测气体与联络，确保救援全程受控。",0.4286,0.4286,0.1485,0.6676,0.4286,0.4286,2.307,第七百六十四条-753 || 第七百三十六条-725 || 第七百六十六条-755 || 第七百六十三条-752,储备必要的应急救援装备及物资->应急通信装备@第七百五十八条 || 专职救护队->通信设备@第七百五十六条 || 兼职救护队->通信设备@第七百五十六条 || 煤矿作业人员->熟悉应急救援预案和避灾路线@第七百三十六条 || 小队长->组织作业人员自救互救和安全避险@第七百三十六条
Q05,瓦斯超限同时出现烟雾和停电迹象，系统应如何整合规程、图谱关系和历史信息给出处置建议？,该场景属于瓦斯、火灾和人员风险叠加的复合风险，应停止作业、切断电源、撤离人员、加强通风复测，结合规程依据和图谱关系组织调度、通防、机电和救护力量联动。,"['瓦斯超限', '火灾', '复合风险', '停止作业', '切断电源', '撤离人员', '加强通风', '复测', '协同联动']",pure_llm,纯LLM,"风险判断：瓦斯超限伴随烟雾和停电，存在瓦斯爆炸或火灾重大风险，需立即响应。  
依据：瓦斯浓度超限易引发爆炸，烟雾提示潜在火源，停电可能加剧通风失效，三者叠加风险极高。  
处置动作：立即启动应急预案，切断电源，撤出人员，启用备用通风，封闭危险区域，并实时监测瓦斯与烟雾变化。  
责任分工：矿长统一指挥，通风部门调控风量，安全员监测气体，电工排查供电，救护队待命处置突发情况。",0.7778,0.6364,0.2118,0.7747,0.5385,0.7778,2.004,,
Q05,瓦斯超限同时出现烟雾和停电迹象，系统应如何整合规程、图谱关系和历史信息给出处置建议？,该场景属于瓦斯、火灾和人员风险叠加的复合风险，应停止作业、切断电源、撤离人员、加强通风复测，结合规程依据和图谱关系组织调度、通防、机电和救护力量联动。,"['瓦斯超限', '火灾', '复合风险', '停止作业', '切断电源', '撤离人员', '加强通风', '复测', '协同联动']",vector_rag,纯向量RAG,"风险判断：瓦斯超限伴随烟雾和停电，存在瓦斯爆炸、火灾及窒息多重高风险。  
依据：规程第770条要求立即切断电源并检测有害气体，第205条强调瓦斯抽采中需监测CO与温度以防自燃。  
处置动作：立即切断电源，撤出人员，启动应急通风，检测CH₄、CO浓度及温度，排查火源与瓦斯积聚点。  
责任分工：矿长指挥应急响应，通风部门监测气体与恢复通风，安全员警戒并引导撤离，机电部门排查停电原因。",0.6667,0.5714,0.1846,0.7555,0.5,0.6667,2.589,第二百零五条-204 || 第七百七十条-759 || 第一百八十九条-189 || 第一百九十五条-194,
Q05,瓦斯超限同时出现烟雾和停电迹象，系统应如何整合规程、图谱关系和历史信息给出处置建议？,该场景属于瓦斯、火灾和人员风险叠加的复合风险，应停止作业、切断电源、撤离人员、加强通风复测，结合规程依据和图谱关系组织调度、通防、机电和救护力量联动。,"['瓦斯超限', '火灾', '复合风险', '停止作业', '切断电源', '撤离人员', '加强通风', '复测', '协同联动']",hybrid_graph,混合图检索策略,"风险判断：瓦斯超限伴随烟雾和停电迹象，存在瓦斯爆炸和火灾复合风险。  
依据：规程第七百七十条要求切断电源防爆炸，第二百零五条强调瓦斯抽采监测防自燃，图谱显示瓦斯超限需停电撤人。  
处置动作：立即切断电源、撤出人员，启动瓦斯抽采监测，排查火源并恢复通风。  
责任分工：矿长指挥应急响应，通风部门监测瓦斯与火情，机电部门保障断电与供电安全。",0.7778,0.7,0.2194,0.7781,0.6364,0.7778,1.726,第二百零五条-204 || 第七百七十条-759 || 第一百八十九条-189 || 第一百九十五条-194,第一百九十六条->瓦斯超限@第一百九十六条 || 瓦斯超限->停电撤人@第一百九十六条 || 瓦斯超限->停机闭锁@第一百九十六条 || 将瓦斯送至永久抽采系统管路->矿井抽采系统瓦斯浓度符合规程第二百零五条@第二百零四条 || 高瓦斯矿井->监控数据接入安全监控系统@第五百三十九条
Q06,泵房水位持续上升并伴随排水能力下降，调度室应如何组织处置？,应判断为水害风险，及时上报调度，组织排水设备检查和加强排水，设置警戒，必要时撤离受威胁人员并安排专业人员复查。,"['水害', '水位异常', '上报调度', '排水', '设置警戒', '撤离人员', '复查']",pure_llm,纯LLM,"风险判断：泵房水位持续上升且排水能力下降，存在淹井或设备损坏重大风险。  
依据：排水系统异常可能由水泵故障、管路堵塞或供电问题导致，需立即排查。  
处置动作：调度室立即启动排水系统应急预案，通知井下人员撤离危险区域，组织机电、排水人员现场抢修，启用备用泵或临时排水设备。  
责任分工：调度室统一指挥，机电部门负责设备检修，通风与安全部门监测环境安全，井下带班领导组织人员避险，确保信息畅通、响应迅速。",0.7143,0.5556,0.1847,0.8019,0.4545,0.7143,1.767,,
Q06,泵房水位持续上升并伴随排水能力下降，调度室应如何组织处置？,应判断为水害风险，及时上报调度，组织排水设备检查和加强排水，设置警戒，必要时撤离受威胁人员并安排专业人员复查。,"['水害', '水位异常', '上报调度', '排水', '设置警戒', '撤离人员', '复查']",vector_rag,纯向量RAG,"风险判断：泵房水位持续上升且排水能力下降，存在淹井或设备损坏重大风险。  
依据：规程第三百一十五条要求备用水泵能力不小于工作水泵70%，第六百五十五条明确主排水泵站须设备用电源。  
处置动作：调度室立即启动应急预案，切换备用水泵及备用电源，加大排水能力，并通知井下撤人。  
责任分工：调度室负责指挥协调，机电部门负责设备切换与抢修，安监部门监督撤人及安全措施落实。",0.5714,0.5714,0.1818,0.7214,0.5714,0.5714,1.667,第六百四十九条-640 || 第三百一十五条-313 || 第一百零五条-106 || 第六百五十五条-646,
Q06,泵房水位持续上升并伴随排水能力下降，调度室应如何组织处置？,应判断为水害风险，及时上报调度，组织排水设备检查和加强排水，设置警戒，必要时撤离受威胁人员并安排专业人员复查。,"['水害', '水位异常', '上报调度', '排水', '设置警戒', '撤离人员', '复查']",hybrid_graph,混合图检索策略,"风险判断：泵房水位持续上升且排水能力下降，存在淹井或设备损坏重大风险。  
依据：规程第三百一十五条要求备用水泵能力不小于工作泵的70%，第六百五十五条明确主排水泵站须设备用电源。  
处置动作：调度室立即启动应急预案，切换备用水泵及备用电源，加大排水能力，并实时监测水位变化。  
责任分工：调度室负责指挥协调，机电部门负责设备切换与检修，排水工负责现场操作与水位观测。",0.4286,0.4,0.1638,0.735,0.375,0.4286,1.74,第六百四十九条-640 || 第三百一十五条-313 || 第一百零五条-106 || 第六百五十五条-646,分区建设排水系统->疏干泵房@第三百一十九条 || 设置摄像仪->抽采瓦斯泵房、主要通风机房、提升机房、调度室@第五百四十八条 || 第三百二十九条->定时观测排水量、水位和观测孔水位@第三百二十九条 || 抽采瓦斯泵房->监测预警系统@第二百零三条 || 供电中断->提供不少于两回路供电@第四百七十四条
Q07,封闭火区附近监测异常并伴随回风温度升高，应如何安排复查与警戒？,应按照火灾复燃风险处理，限制人员进入，设置警戒，组织专业人员复查火区和回风监测数据，持续监测并向调度室报告。,"['火灾', '高温', '设置警戒', '限制进入', '复查', '持续监测', '上报调度']",pure_llm,纯LLM,"风险判断：存在火区复燃或瓦斯积聚风险，可能引发火灾或爆炸。  
依据：封闭火区温度升高及监测异常表明内部燃烧活动未完全熄灭或气体成分变化。  
处置动作：立即加强气体浓度与温度监测频次，组织专业队伍进入警戒区复查，确认火情动态。  
责任分工：由矿总工程师牵头，通风部门负责监测与数据分析，救护队执行现场复查，安全部门设置警戒并疏散无关人员。",0.7143,0.5263,0.213,0.82,0.4167,0.7143,3.011,,
Q07,封闭火区附近监测异常并伴随回风温度升高，应如何安排复查与警戒？,应按照火灾复燃风险处理，限制人员进入，设置警戒，组织专业人员复查火区和回风监测数据，持续监测并向调度室报告。,"['火灾', '高温', '设置警戒', '限制进入', '复查', '持续监测', '上报调度']",vector_rag,纯向量RAG,"风险判断：封闭火区附近监测异常且回风温度升高，存在复燃或爆炸风险。  
依据：规程第二百八十四条要求启封火区时需监测回风流中CO、CH₄浓度及温度，发现复燃征兆须立即停风并重新封闭。  
处置动作：立即停止通风，由矿山救护队逐段检测气体成分与温度，确认无复燃后方可恢复作业。  
责任分工：矿山救护队负责现场检测与通风恢复，调度室组织人员撤离，安全员监督措施执行。",0.5714,0.4444,0.141,0.7517,0.3636,0.5714,1.903,第二百八十四条-282 || 第二百七十八条-276 || 第二百七十七条-275 || 第五百八十三条-576,
Q07,封闭火区附近监测异常并伴随回风温度升高，应如何安排复查与警戒？,应按照火灾复燃风险处理，限制人员进入，设置警戒，组织专业人员复查火区和回风监测数据，持续监测并向调度室报告。,"['火灾', '高温', '设置警戒', '限制进入', '复查', '持续监测', '上报调度']",hybrid_graph,混合图检索策略,"风险判断：封闭火区附近监测异常且回风温度升高，存在复燃或瓦斯积聚爆炸风险。  
依据：规程第二百八十四条要求启封火区时需监测回风流中CO、CH₄浓度及温度，发现复燃征兆须立即停风并重新封闭。  
处置动作：立即停止通风，由矿山救护队逐段检测气体成分与温度，确认无复燃后方可恢复通风，并每班复查。  
责任分工：矿山救护队负责启封与初期通风检测，瓦斯检查工与安全监测工协同使用便携仪与传感器对照监测。",0.5714,0.4706,0.1393,0.7468,0.4,0.5714,2.423,第二百八十四条-282 || 第二百七十八条-276 || 第二百七十七条-275 || 第五百八十三条-576,使用便携式检测仪与甲烷传感器对照->井下安全监测工@第五百三十二条 || 使用便携式检测仪与甲烷传感器对照->瓦斯检查工@第五百三十二条 || 第五百三十二条->使用便携式检测仪与甲烷传感器对照@第五百三十二条 || 布设GNSS监测线->全球导航卫星系统@第六百三十九条 || 煤层自然发火->建立边坡监测预警系统@第二百六十三条
Q08,事故扩大需要调度室、通防、机电和救护队同时联动，统一口径应包含哪些内容？,统一口径应包含事故类型、风险等级、人员撤离情况、规程依据、处置阶段、责任分工、通信频率和升级上报条件，确保调度室、通防、机电和救护队协同一致。,"['事故扩大', '风险等级', '撤离人员', '规程依据', '责任分工', '保持通信', '协同联动', '升级上报']",pure_llm,纯LLM,"风险判断：事故扩大可能引发次生灾害，需多部门协同控制。  
依据：应急救援预案要求信息一致、行动同步，防止混乱。  
处置动作：统一口径应包含事故现状、影响范围、已采取措施、当前风险、下一步指令及联络方式。  
责任分工：调度室负责信息汇总与发布，通防、机电、救护队按指令执行并反馈现场情况。",0.5,0.5714,0.2788,0.8139,0.6667,0.5,1.768,,
Q08,事故扩大需要调度室、通防、机电和救护队同时联动，统一口径应包含哪些内容？,统一口径应包含事故类型、风险等级、人员撤离情况、规程依据、处置阶段、责任分工、通信频率和升级上报条件，确保调度室、通防、机电和救护队协同一致。,"['事故扩大', '风险等级', '撤离人员', '规程依据', '责任分工', '保持通信', '协同联动', '升级上报']",vector_rag,纯向量RAG,"风险判断：事故扩大需多部门联动，信息不统一易导致救援混乱。  
依据：规程第七百六十三条明确救援现场需设立地面与井下基地，保持联络畅通，统一指挥。  
处置动作：统一口径应包含灾情现状、救援方案、人员分布、有害气体浓度、风流变化及联络方式。  
责任分工：调度室负责信息汇总与指令下达，通防负责气体与风流监测，机电保障设备运行，救护队执行救援与探察。",0.5,0.5,0.2363,0.8297,0.5,0.5,2.076,第七百五十六条-745 || 第七百六十三条-752 || 第七百六十五条-754 || 第七百六十二条-751,
Q08,事故扩大需要调度室、通防、机电和救护队同时联动，统一口径应包含哪些内容？,统一口径应包含事故类型、风险等级、人员撤离情况、规程依据、处置阶段、责任分工、通信频率和升级上报条件，确保调度室、通防、机电和救护队协同一致。,"['事故扩大', '风险等级', '撤离人员', '规程依据', '责任分工', '保持通信', '协同联动', '升级上报']",hybrid_graph,混合图检索策略,"风险判断：事故扩大需多部门联动，信息不统一易导致救援混乱。  
依据：规程第七百六十三条要求设立地面与井下基地，确保指挥联络畅通，第七百六十五条强调统一调配资源。  
处置动作：统一口径应包含灾情现状、救援方案、人员分工、联络方式、安全区域及有害气体数据。  
责任分工：调度室负责信息汇总与指令下达，通防提供气体监测与通风方案，机电保障设备运行，救护队执行救援并反馈现场情况。",0.5,0.4706,0.2231,0.7979,0.4444,0.5,2.366,第七百五十六条-745 || 第七百六十三条-752 || 第七百六十五条-754 || 第七百六十二条-751,专职救护队指挥员->协调指挥救援@第七百六十一条 || 矿调度室->通知救援力量@第二百七十七条 || 出动救援->救护小队@第七百三十八条 || 接到事故报告电话->出动救援@第七百三十八条 || 值班人员发出警报->出动救援@第七百三十八条
Q09,局部通风机停运后瓦斯传感器连续报警，现场第一反应应是什么？,应立即停止作业、切断相关电源、撤出作业人员，恢复通风并开展瓦斯复测，同时向调度室报告。,"['瓦斯超限', '停止作业', '切断电源', '撤离人员', '加强通风', '复测', '上报调度']",pure_llm,纯LLM,"风险判断：存在瓦斯积聚超限引发爆炸或窒息的重大安全风险。  
依据：局部通风机停运导致掘进工作面停风，瓦斯无法排出，浓度持续上升触发报警。  
处置动作：立即停止作业，撤出所有人员至安全区域，切断电源，设置警戒，严禁人员进入。  
责任分工：现场跟班队长或班组长负责组织撤人、警戒，并立即向调度室汇报，由矿调度协调恢复通风和瓦斯排放。",0.8571,0.7059,0.199,0.7644,0.6,0.8571,1.979,,
Q09,局部通风机停运后瓦斯传感器连续报警，现场第一反应应是什么？,应立即停止作业、切断相关电源、撤出作业人员，恢复通风并开展瓦斯复测，同时向调度室报告。,"['瓦斯超限', '停止作业', '切断电源', '撤离人员', '加强通风', '复测', '上报调度']",vector_rag,纯向量RAG,"风险判断：局部通风机停运导致瓦斯积聚，存在瓦斯超限爆炸或窒息风险。  
依据：规程第五百四十二条要求局部通风机必须设置开停传感器，停运时应触发报警并联动闭锁。  
处置动作：立即停止作业，撤出人员，切断电源，启动应急通风措施，并报告调度室。  
责任分工：现场班组长负责组织撤人，瓦斯检查工核实瓦斯浓度，机电人员排查风机故障。",0.8571,0.7059,0.1929,0.688,0.6,0.8571,1.909,第五百四十二条-535 || 第二百五十三条-251 || 第二百零五条-204 || 第五百三十九条-532,
Q09,局部通风机停运后瓦斯传感器连续报警，现场第一反应应是什么？,应立即停止作业、切断相关电源、撤出作业人员，恢复通风并开展瓦斯复测，同时向调度室报告。,"['瓦斯超限', '停止作业', '切断电源', '撤离人员', '加强通风', '复测', '上报调度']",hybrid_graph,混合图检索策略,"风险判断：局部通风机停运导致瓦斯积聚，存在瓦斯超限爆炸风险。  
依据：规程第五百四十二条要求局部通风机必须设开停传感器，图谱显示其需配备备用风机并实现自动切换。  
处置动作：立即启动备用局部通风机，恢复通风，并闭锁相关区域电源。  
责任分工：现场跟班队长负责指挥切换风机，瓦斯检查工监测气体变化，电工确保闭锁执行。",0.4286,0.4286,0.1443,0.6957,0.4286,0.4286,1.609,第五百四十二条-535 || 第二百五十三条-251 || 第二百零五条-204 || 第五百三十九条-532,不得采用局部通风机或局部通风机群代替临时通风机->局部通风机@第一百零七条 || 第一百零七条->不得采用局部通风机或局部通风机群代替临时通风机@第一百零七条 || 局部通风机->备用局部通风机@第一百三十四条 || 自动切换通风机->停机闭锁@第一百八十三条 || 局部通风机->设备开停传感器@第五百四十二条
Q10,回风巷检测到一氧化碳升高并出现焦糊味，调度室应怎样判断和布置？,应按火灾征兆处理，立即上报调度，停止相关作业，组织人员撤离，设置警戒，并安排通防和救护力量复查火源及气体变化。,"['火灾', '上报调度', '停止作业', '撤离人员', '设置警戒', '组织救援', '持续监测']",pure_llm,纯LLM,"风险判断：存在火灾或设备过热引发火灾的风险，可能威胁井下人员安全。  
依据：一氧化碳升高和焦糊味是典型火灾初期征兆，尤其在回风巷易积聚有害气体。  
处置动作：立即通知井下人员撤离，切断相关区域电源，启动防灭火预案，加强气体监测。  
责任分工：调度室负责指挥协调、信息上报和应急响应，通风部门加强气体分析，安监部门监督措施落实。",0.5714,0.5,0.1698,0.7925,0.4444,0.5714,1.498,,
Q10,回风巷检测到一氧化碳升高并出现焦糊味，调度室应怎样判断和布置？,应按火灾征兆处理，立即上报调度，停止相关作业，组织人员撤离，设置警戒，并安排通防和救护力量复查火源及气体变化。,"['火灾', '上报调度', '停止作业', '撤离人员', '设置警戒', '组织救援', '持续监测']",vector_rag,纯向量RAG,"风险判断：回风巷一氧化碳升高并出现焦糊味，存在火灾或设备过热风险，可能引发瓦斯爆炸或人员中毒。  
依据：规程第一百五十六条规定一氧化碳最高允许浓度为0.0024%，超限需立即处理；第一百九十一条要求总回风巷气体异常必须查明原因。  
处置动作：调度室应立即通知井下人员撤离受影响区域，切断电源，启动火灾应急预案，并派救护队查明火源。  
责任分工：调度室负责指挥协调，通风部门监测气体变化，安监部门监督措施落实，矿长负总责。",0.7143,0.5263,0.1853,0.6453,0.4167,0.7143,1.776,第一百九十一条-191 || 第一百五十六条-156 || 第一百九十五条-194 || 第一百九十二条-192,
Q10,回风巷检测到一氧化碳升高并出现焦糊味，调度室应怎样判断和布置？,应按火灾征兆处理，立即上报调度，停止相关作业，组织人员撤离，设置警戒，并安排通防和救护力量复查火源及气体变化。,"['火灾', '上报调度', '停止作业', '撤离人员', '设置警戒', '组织救援', '持续监测']",hybrid_graph,混合图检索策略,"风险判断：回风巷一氧化碳升高并出现焦糊味，存在火灾或设备过热风险，可能引发瓦斯爆炸或人员中毒。  
依据：规程第一百五十六条规定一氧化碳最高允许浓度为0.0024%，超限需立即处理；第一百九十一条要求对异常气体浓度查明原因。  
处置动作：调度室立即通知井下人员撤离，切断电源，启动火灾应急预案，并通知通风、安监部门排查火源。  
责任分工：调度室负责指挥协调，通风队负责气体检测与通风调整，安监员现场监督，矿领导启动应急响应。",0.4286,0.3333,0.1692,0.6257,0.2727,0.4286,1.831,第一百九十一条-191 || 第一百五十六条-156 || 第一百九十五条-194 || 第一百九十二条-192,第五百二十七条->显示和控制终端、调度台设置在矿调度室@第五百二十七条 || 抽采瓦斯泵房->监测预警系统@第二百零三条 || 定期检测、分析和整理记录->发现问题及时报告处理@第二百七十三条 || 第四百四十六条->可以不进行性能检验@第四百四十六条 || 水害->报矿调度室@第二百九十二条
Q11,工作面出现钻孔出水量突然增大，先撤人还是先封孔？,应优先撤出受威胁人员并停止作业，随后设置警戒、上报调度，再组织专业人员进行封堵和排水处置。,"['水害', '停止作业', '撤离人员', '设置警戒', '上报调度', '排水']",pure_llm,纯LLM,"风险判断：钻孔出水量突然增大可能预示突水事故，存在淹井或人员伤亡高风险。  
依据：突水征兆明显，继续作业可能引发透水灾害，威胁人员安全。  
处置动作：立即停止作业，撤出所有受威胁区域人员，再采取封孔等控水措施。  
责任分工：现场带班领导组织撤人，技术部门分析水源并制定封孔方案，安全员监督执行。",0.5,0.5,0.1935,0.5607,0.5,0.5,1.869,,
Q11,工作面出现钻孔出水量突然增大，先撤人还是先封孔？,应优先撤出受威胁人员并停止作业，随后设置警戒、上报调度，再组织专业人员进行封堵和排水处置。,"['水害', '停止作业', '撤离人员', '设置警戒', '上报调度', '排水']",vector_rag,纯向量RAG,"风险判断：钻孔出水量突增属突水征兆，存在透水事故风险。  
依据：规程第三百二十六条规定，出现水量突增等征兆时应立即撤人。  
处置动作：现场负责人立即停止钻进、撤出受威胁区域人员，再汇报并监测水情。  
责任分工：现场负责人组织撤人并汇报，调度室协调救援，技术人员分析水情并封孔。",0.5,0.4,0.1921,0.6855,0.3333,0.5,1.115,第三百二十六条-324 || 第六百五十条-641 || 第三百二十五条-323 || 第六百五十一条-642,
Q11,工作面出现钻孔出水量突然增大，先撤人还是先封孔？,应优先撤出受威胁人员并停止作业，随后设置警戒、上报调度，再组织专业人员进行封堵和排水处置。,"['水害', '停止作业', '撤离人员', '设置警戒', '上报调度', '排水']",hybrid_graph,混合图检索策略,"风险判断：钻孔出水量突然增大属于突（透）水征兆，存在突水风险。  
依据：规程第三百二十六条规定，水量突然增大时应立即停止钻进，不得拔出钻杆，现场负责人员应立即撤人。  
处置动作：先撤出所有受水威胁区域人员至安全地点，再汇报调度室并监测水情。  
责任分工：现场负责人员负责组织撤人，矿调度室协调后续处置，专业技术人员负责水情分析。",0.5,0.4286,0.2069,0.6466,0.375,0.5,1.545,第三百二十六条-324 || 第六百五十条-641 || 第三百二十五条-323 || 第六百五十一条-642,撤出人员->局部通风机@第一百八十四条 || 突水风险->水量突然增大@第三百二十六条 || 不得拔出钻杆->撤出人员@第三百二十六条 || 撤出人员->现场负责人员@第三百二十六条 || 撤出人员->向矿调度室报告@第三百二十六条
Q12,避难硐室联系中断但定位仍显示有人，风险判断和行动重点是什么？,应按人员受困高风险处理，立即上报调度，保持通信搜寻，组织救援力量待命，设置警戒并核对井下人数。,"['人员失联', '上报调度', '保持通信', '组织救援', '设置警戒', '核对人数']",pure_llm,纯LLM,"风险判断：可能存在人员被困或通信故障，需警惕缺氧、有毒气体积聚或结构坍塌等次生灾害。  
依据：定位系统显示人员存在但通信中断，表明人员状态不明，环境安全无法确认。  
处置动作：立即启动应急预案，派遣救援小队携带气体检测仪、通信设备进入现场核查，同步切断潜在危险源。  
责任分工：调度中心负责指挥协调与资源调配，救援队执行现场搜救，通风与机电部门保障系统安全运行。",0.6667,0.5333,0.1261,0.7489,0.4444,0.6667,1.107,,
Q12,避难硐室联系中断但定位仍显示有人，风险判断和行动重点是什么？,应按人员受困高风险处理，立即上报调度，保持通信搜寻，组织救援力量待命，设置警戒并核对井下人数。,"['人员失联', '上报调度', '保持通信', '组织救援', '设置警戒', '核对人数']",vector_rag,纯向量RAG,"风险判断：存在人员被困或避险设施失效的高风险，需立即确认人员安全状态。  
依据：规程第七百四十七条明确避险设施应设醒目标识并确保有效可用，联系中断可能影响救援响应。  
处置动作：立即启动应急通信备用方案，派救援队沿避灾路线核查避难硐室实况，优先恢复通信或实施营救。  
责任分工：由矿井应急指挥组统一调度，通风与安监部门协同排查，现场带班人员组织就近力量先期处置。",0.5,0.4286,0.1802,0.7854,0.375,0.5,2.304,第七百四十七条-736 || 第三百五十九条-357 || 第七百四十六条-735 || 第三百五十四条-352,
Q12,避难硐室联系中断但定位仍显示有人，风险判断和行动重点是什么？,应按人员受困高风险处理，立即上报调度，保持通信搜寻，组织救援力量待命，设置警戒并核对井下人数。,"['人员失联', '上报调度', '保持通信', '组织救援', '设置警戒', '核对人数']",hybrid_graph,混合图检索策略,"风险判断：存在人员被困或通信故障导致失联风险，需警惕避难硐室内环境恶化或人员受伤。  
依据：避难硐室应设摄像仪监控（第五百四十八条），联系中断违反应急通信要求，定位显示有人表明潜在受困。  
处置动作：立即启动应急通信排查，派救援队携带生命探测仪和通信设备进入硐室核查人员状况。  
责任分工：矿调度室负责指挥协调，通风和救护队联合执行现场探查，总工程师监督避险设施功能恢复。",0.6667,0.5333,0.1586,0.7361,0.4444,0.6667,1.437,第七百四十七条-736 || 第三百五十九条-357 || 第七百四十六条-735 || 第三百五十四条-352,设置摄像仪->主要机电设备硐室、临时避难硐室@第五百四十八条 || 建设临时避难硐室或临时避险设施->其他矿井@第七百四十六条 || 第七百四十六条->建设临时避难硐室或临时避险设施@第七百四十六条 || 突出煤层->设置避难硐室@第二百三十九条 || 建设临时避难硐室或临时避险设施->距离采掘工作面1000m范围内@第七百四十六条
Q13,瓦斯超限后第一批人员已撤离，接下来10分钟内最重要的动作是什么？,接下来应持续封控危险区域，切断相关电源，加强通风和瓦斯复测，并及时向调度室报告复测结果。,"['瓦斯超限', '切断电源', '加强通风', '复测', '设置警戒', '上报调度']",pure_llm,纯LLM,"风险判断：瓦斯超限后存在爆炸、窒息及二次灾害风险，需立即切断电源并防止火源。  
依据：瓦斯浓度超限易引发爆炸，断电可消除电气火花等点火源，是防止事故扩大的关键。  
处置动作：立即通知井下所有人员停止作业，切断受影响区域及回风流中的非本质安全型电气设备电源。  
责任分工：由矿调度室统一指挥，通风部门监测瓦斯变化，机电部门执行断电，安监人员监督措施落实。",0.8333,0.5882,0.1402,0.7746,0.4545,0.8333,2.998,,
Q13,瓦斯超限后第一批人员已撤离，接下来10分钟内最重要的动作是什么？,接下来应持续封控危险区域，切断相关电源，加强通风和瓦斯复测，并及时向调度室报告复测结果。,"['瓦斯超限', '切断电源', '加强通风', '复测', '设置警戒', '上报调度']",vector_rag,纯向量RAG,"风险判断：瓦斯超限后存在复燃、爆炸及二次灾害风险，需立即控制通风与气体浓度。  
依据：规程第一百九十二条明确甲烷浓度达1.0%时必须停止工作、撤出人员并处理。  
处置动作：立即切断电源、停止作业，由矿山救护队测定回风流中甲烷、一氧化碳浓度及温度，评估是否复燃。  
责任分工：矿山救护队负责气体检测与初期处置，通风部门配合调整通风系统，现场指挥协调后续措施。",0.6667,0.4706,0.1204,0.7006,0.3636,0.6667,1.214,第二百八十四条-282 || 第一百九十二条-192 || 第一百一十六条-116 || 第一百九十三条-193,
Q13,瓦斯超限后第一批人员已撤离，接下来10分钟内最重要的动作是什么？,接下来应持续封控危险区域，切断相关电源，加强通风和瓦斯复测，并及时向调度室报告复测结果。,"['瓦斯超限', '切断电源', '加强通风', '复测', '设置警戒', '上报调度']",hybrid_graph,混合图检索策略,"风险判断：瓦斯超限后存在爆炸或窒息风险，需立即控制源头并防止次生灾害。  
依据：规程第一百九十二条及图谱关系[1][5]，甲烷浓度达1.0%必须停电撤人，超限后首要任务是切断电源。  
处置动作：立即切断超限区域及受影响区域电源，停止一切非本质安全型电气设备运行。  
责任分工：由瓦斯检查工负责监测并下令断电，机电部门执行停电操作，跟班干部监督落实。",0.5,0.4286,0.1132,0.7827,0.375,0.5,2.426,第二百八十四条-282 || 第一百九十二条-192 || 第一百一十六条-116 || 第一百九十三条-193,瓦斯超限->停电撤人@第一百九十六条 || 有毒有害气体超限->撤离人员@第一百五十六条 || 撤出人员->瓦斯检查工@第二百零一条 || 检查瓦斯和煤尘浓度->撤离至安全地点@第七百六十九条 || 甲烷浓度达到1.0%->撤出人员@第一百九十二条
Q14,巷道内出现烟雾但未见明火，是否需要立刻撤人？,应按火灾征兆先期处置，停止相关作业，组织人员撤离，设置警戒，查明烟雾来源并持续监测。,"['火灾', '停止作业', '撤离人员', '设置警戒', '持续监测', '复查']",pure_llm,纯LLM,"风险判断：巷道内出现烟雾存在火灾或有害气体积聚风险，威胁人员安全。  
依据：煤矿安全规程规定，井下发现烟雾应立即排查，若无法确认安全须撤离。  
处置动作：立即停止作业，启动应急预案，组织人员沿避灾路线有序撤离。  
责任分工：现场负责人指挥撤人，瓦检员检测气体，调度室上报并协调救援。",0.6667,0.5,0.2147,0.809,0.4,0.6667,1.436,,
Q14,巷道内出现烟雾但未见明火，是否需要立刻撤人？,应按火灾征兆先期处置，停止相关作业，组织人员撤离，设置警戒，查明烟雾来源并持续监测。,"['火灾', '停止作业', '撤离人员', '设置警戒', '持续监测', '复查']",vector_rag,纯向量RAG,"风险判断：巷道内出现烟雾属于火灾征兆，存在潜在火情风险。  
依据：根据规程第二百六十七条，发现自然发火征兆时必须停止作业并采取有效措施，若不能控制则必须撤人。  
处置动作：立即停止作业，加强气体检测与通风，若烟雾持续或气体异常，必须组织人员撤离。  
责任分工：现场负责人组织撤人，矿山救护队负责火情侦察与处置，安全员监督措施落实。",0.5,0.4,0.2189,0.8393,0.3333,0.5,1.999,第二百八十三条-281 || 第二百八十四条-282 || 第二百六十七条-265 || 第二百八十五条-283,
Q14,巷道内出现烟雾但未见明火，是否需要立刻撤人？,应按火灾征兆先期处置，停止相关作业，组织人员撤离，设置警戒，查明烟雾来源并持续监测。,"['火灾', '停止作业', '撤离人员', '设置警戒', '持续监测', '复查']",hybrid_graph,混合图检索策略,"风险判断：巷道内出现烟雾属火灾初期征兆，存在自燃或复燃风险，必须视为潜在火灾。  
依据：规程第二百六十七条明确井下发现自然发火征兆时必须停止作业并撤人，第二百八十四条要求火区启封时回风巷道人员全部撤出。  
处置动作：立即启动灭火和应急疏散预案，撤出烟雾影响区域及回风巷道所有人员，远距离监测气体组分与风流参数。  
责任分工：矿山救护队负责监测与处置，现场负责人组织撤人，通风部门配合调整风量，安全员监督执行。",0.6667,0.5,0.1667,0.781,0.4,0.6667,2.119,第二百八十三条-281 || 第二百八十四条-282 || 第二百六十七条-265 || 第二百八十五条-283,撤出人员->远距离监测风向、风量、烟雾和气体组分@第二百七十八条 || 火灾->启动灭火和应急疏散预案@第二百四十九条 || 火灾->及时报警@第二百四十九条 || 火灾->迅速扑救火灾@第二百四十九条 || 火灾->撤出人员@第二百四十九条
Q15,采空区附近温度升高并伴有异味，现场应如何防止复燃扩大？,应按火灾复燃风险处置，限制进入、设置警戒、组织专业人员复查火区和通风状态，并持续上报监测结果。,"['火灾', '高温', '限制进入', '设置警戒', '复查', '持续监测', '上报调度']",pure_llm,纯LLM,"风险判断：采空区温度升高并伴有异味，存在煤自燃或复燃风险，可能引发火灾或瓦斯爆炸。  
依据：煤氧化放热积聚导致温度上升，释放CO等气体产生异味，是煤自燃典型征兆。  
处置动作：立即停止作业，撤出人员，加强通风稀释有害气体，使用红外测温仪监测温度变化，喷洒阻化剂或注氮、注浆抑制氧化。  
责任分工：现场负责人组织撤人并指挥处置，通风部门调整风量，防灭火小组实施降温阻化措施，安全员全程监测气体与温度。",0.4286,0.3529,0.1417,0.6597,0.3,0.4286,2.102,,
Q15,采空区附近温度升高并伴有异味，现场应如何防止复燃扩大？,应按火灾复燃风险处置，限制进入、设置警戒、组织专业人员复查火区和通风状态，并持续上报监测结果。,"['火灾', '高温', '限制进入', '设置警戒', '复查', '持续监测', '上报调度']",vector_rag,纯向量RAG,"风险判断：采空区温度升高并伴有异味，存在复燃扩大风险，需立即采取防控措施。  
依据：根据规程第二百八十三条，火区熄灭需满足温度、氧气、气体浓度等五项指标持续稳定1个月以上，当前异常表明未达标。  
处置动作：立即停止作业，加强气体与温度监测，封闭异常区域，采取注氮或注浆惰化措施抑制氧化升温。  
责任分工：由矿山救护队负责现场监测与封闭操作，通风部门配合调整风量，安全员监督措施落实并上报。",0.5714,0.4211,0.1362,0.7723,0.3333,0.5714,2.786,第二百八十三条-281 || 第五百八十三条-576 || 第四十八条-049 || 第二百八十四条-282,
Q15,采空区附近温度升高并伴有异味，现场应如何防止复燃扩大？,应按火灾复燃风险处置，限制进入、设置警戒、组织专业人员复查火区和通风状态，并持续上报监测结果。,"['火灾', '高温', '限制进入', '设置警戒', '复查', '持续监测', '上报调度']",hybrid_graph,混合图检索策略,"风险判断：采空区温度升高伴异味，存在复燃扩大风险。  
依据：规程第二百八十三条明确火区熄灭需温度、氧气、气体浓度等指标持续稳定，当前异常表明未完全熄灭。  
处置动作：立即停止通风，封闭区域，监测CO、温度及气体成分，采取注浆或注氮惰化措施抑制复燃。  
责任分工：矿山救护队负责现场处置与监测，通风部门配合封闭与气体分析，矿长统筹应急指挥。",0.4286,0.375,0.1238,0.7796,0.3333,0.4286,1.332,第二百八十三条-281 || 第五百八十三条-576 || 第四十八条-049 || 第二百八十四条-282,矿井火灾->控制烟雾蔓延@第七百六十九条 || 孔内温度在80℃以上->采取灭火、降温措施@第五百八十三条 || 有明火的炮孔->采取灭火、降温措施@第五百八十三条 || 爆炸物品库火灾->关闭防火门@第七百六十九条 || 确认火已熄灭->火区出水温度低于25℃或与灾前日常温度相同@第二百八十三条
Q16,排水泵异常停机且水位继续上涨，调度室下一步怎么安排？,应立即上报调度并组织备用排水设备投入，设置警戒，加强排水和水位复查，必要时撤离受威胁人员。,"['水害', '水位异常', '上报调度', '排水', '设置警戒', '撤离人员', '复查']",pure_llm,纯LLM,"风险判断：存在淹井或设备损坏重大风险，需立即处置。  
依据：排水系统失效将导致水害扩大，威胁矿井安全。  
处置动作：立即启动应急预案，切断相关电源，组织人员撤离，启用备用排水设备或临时排水措施，并加强水位监测。  
责任分工：调度室负责统一指挥，机电部门排查故障并抢修，安监部门监督安全措施，井下人员按避灾路线撤离。",0.8571,0.6667,0.2041,0.8074,0.5455,0.8571,1.169,,
Q16,排水泵异常停机且水位继续上涨，调度室下一步怎么安排？,应立即上报调度并组织备用排水设备投入，设置警戒，加强排水和水位复查，必要时撤离受威胁人员。,"['水害', '水位异常', '上报调度', '排水', '设置警戒', '撤离人员', '复查']",vector_rag,纯向量RAG,"风险判断：排水泵异常停机且水位上涨，存在淹井或淹巷重大风险，需立即启动应急排水措施。  
依据：规程第三百一十八条要求水泵等设备必须经常检查维护，备用泵应能承担70%以上排水能力。  
处置动作：调度室应立即启动备用水泵，检查供电及管路状态，必要时启用备用电源保障排水系统运行。  
责任分工：调度室负责指挥应急排水，机电部门负责设备抢修，通风部门保障排水区域通风安全。",0.5714,0.5714,0.1448,0.7636,0.5714,0.5714,2.332,第一百零五条-106 || 第三百一十八条-316 || 第六百五十五条-646 || 第七十三条-074,
Q16,排水泵异常停机且水位继续上涨，调度室下一步怎么安排？,应立即上报调度并组织备用排水设备投入，设置警戒，加强排水和水位复查，必要时撤离受威胁人员。,"['水害', '水位异常', '上报调度', '排水', '设置警戒', '撤离人员', '复查']",hybrid_graph,混合图检索策略,"风险判断：排水泵异常停机且水位上涨，存在淹井或水害事故风险。  
依据：规程第三百一十八条要求定期检修水泵及管路，第六百五十五条明确主排水泵站须设备用电源。  
处置动作：调度室立即启动备用泵，切换备用电源，并通知机电部门排查故障。  
责任分工：调度室负责应急指挥，机电队负责设备抢修，排水工负责水位监控与操作。",0.7143,0.7143,0.1451,0.7351,0.7143,0.7143,2.11,第一百零五条-106 || 第三百一十八条-316 || 第六百五十五条-646 || 第七十三条-074,供电中断->提供不少于两回路供电@第四百七十四条 || 第三百二十九条->定时观测排水量、水位和观测孔水位@第三百二十九条 || 设置摄像仪->抽采瓦斯泵房、主要通风机房、提升机房、调度室@第五百四十八条 || 矿井主要泵房全部工作水泵和备用水泵->进行联合排水试验@第三百一十八条 || 进行潜水泵排水试验->提交排水试验报告@第三百一十八条
Q17,井下失联人员最后位置靠近回风巷，救援进入前应重点确认什么？,应先确认气体和通风条件，保持通信联络，设置警戒和安全员监护，再组织救护力量分组搜救。,"['人员失联', '保持通信', '设置警戒', '安全员', '组织救援', '火灾']",pure_llm,纯LLM,"风险判断：回风巷可能存在瓦斯积聚、缺氧或有毒有害气体超标，威胁救援人员安全。  
依据：回风巷为矿井污风汇集区域，易积聚瓦斯、一氧化碳等有害气体，且通风条件差。  
处置动作：救援前必须使用便携式气体检测仪全面检测瓦斯、氧气、一氧化碳等浓度，确保符合安全标准。  
责任分工：由矿山救护队负责气体检测与现场安全评估，通风部门配合调整通风系统，确保救援环境安全。",0.1667,0.1818,0.1315,0.7267,0.2,0.1667,1.115,,
Q17,井下失联人员最后位置靠近回风巷，救援进入前应重点确认什么？,应先确认气体和通风条件，保持通信联络，设置警戒和安全员监护，再组织救护力量分组搜救。,"['人员失联', '保持通信', '设置警戒', '安全员', '组织救援', '火灾']",vector_rag,纯向量RAG,"风险判断：回风巷可能存在有害气体积聚、通风不良或顶板失稳等高风险因素。  
依据：规程第七百六十七条第三项要求进入灾区前必须检查通风、气体浓度、温度及顶板状况。  
处置动作：救援前必须检测瓦斯、一氧化碳等气体浓度，确认通风系统有效，评估顶板稳定性。  
责任分工：由救援小队指定专人负责气体检测与巷道安全评估，指挥员确认安全后方可进入。",0.1667,0.1667,0.1188,0.7463,0.1667,0.1667,1.411,第七百六十七条-756 || 第三百五十四条-352 || 第六百三十五条-626 || 第七百七十五条-764,
Q17,井下失联人员最后位置靠近回风巷，救援进入前应重点确认什么？,应先确认气体和通风条件，保持通信联络，设置警戒和安全员监护，再组织救护力量分组搜救。,"['人员失联', '保持通信', '设置警戒', '安全员', '组织救援', '火灾']",hybrid_graph,混合图检索策略,"风险判断：回风巷可能存在有害气体积聚、通风不良及顶板失稳风险。  
依据：规程第七百六十七条要求探察时检查通风、气体浓度、温度及顶板状况。  
处置动作：救援前必须检测气体成分、风速及顶板稳定性，确保无瓦斯超限或冒顶隐患。  
责任分工：由探察小队指定专人检测并记录，带队指挥员确认安全后方可进入。",0.1667,0.1538,0.1209,0.7568,0.1429,0.1667,1.613,第七百六十七条-756 || 第三百五十四条-352 || 第六百三十五条-626 || 第七百七十五条-764,应急救援人员用联络绳联结->应急救援人员@第七百六十七条 || 从滑体两侧安全区域实施救援->救援人员@第七百七十五条 || 待机小队立即进入救援->报告救援指挥部@第七百六十七条 || 探察小队进入灾区->应急救援人员用联络绳联结@第七百六十七条 || 对救援区域、滑体及周边进行监测->立即撤离@第七百七十五条
Q18,瓦斯报警与停电同时出现，但现场人数尚未完全核清，优先级怎么排？,应先停止作业、撤离人员并核对人数，随后切断相关电源、加强通风和瓦斯复测，同时上报调度室统一协调。,"['瓦斯超限', '停止作业', '撤离人员', '核对人数', '切断电源', '加强通风', '复测', '上报调度']",pure_llm,纯LLM,"风险判断：瓦斯报警与停电同时发生，存在瓦斯积聚引发爆炸的高风险，且人员未清点完毕，威胁生命安全。  
依据：瓦斯超限遇电火花可能引发爆炸，停电影响通风与监测，人员不明增加搜救难度。  
处置动作：立即启动应急预案，切断电源，撤出所有可能受影响区域人员，严禁送电，组织搜救并核实人数。  
责任分工：矿长指挥，通风部门监测瓦斯，安监部门组织撤离与清点，机电部门保障应急供电与断电安全。",0.625,0.5882,0.1391,0.5683,0.5556,0.625,2.125,,
Q18,瓦斯报警与停电同时出现，但现场人数尚未完全核清，优先级怎么排？,应先停止作业、撤离人员并核对人数，随后切断相关电源、加强通风和瓦斯复测，同时上报调度室统一协调。,"['瓦斯超限', '停止作业', '撤离人员', '核对人数', '切断电源', '加强通风', '复测', '上报调度']",vector_rag,纯向量RAG,"风险判断：瓦斯报警与停电同时发生，存在瓦斯积聚引发爆炸或窒息的高风险，人员未核清加剧救援难度。  
依据：规程强调瓦斯监测与火灾预警联动，停电后通风中断易致瓦斯超限，必须优先保障人员安全。  
处置动作：立即启动应急预案，优先组织人员撤离并核清人数，同步排查瓦斯来源及停电原因。  
责任分工：调度员指挥应急响应，通风部门监测气体，安监人员清点人数，机电部门排查供电故障。",0.75,0.5714,0.1333,0.605,0.4615,0.75,2.01,第二百五十三条-251 || 第二百八十四条-282 || 第六百七十二条-663 || 第四百七十五条-470,
Q18,瓦斯报警与停电同时出现，但现场人数尚未完全核清，优先级怎么排？,应先停止作业、撤离人员并核对人数，随后切断相关电源、加强通风和瓦斯复测，同时上报调度室统一协调。,"['瓦斯超限', '停止作业', '撤离人员', '核对人数', '切断电源', '加强通风', '复测', '上报调度']",hybrid_graph,混合图检索策略,"风险判断：瓦斯报警与停电同时发生，存在瓦斯积聚引发爆炸或窒息的高风险，人员未核清加剧救援不确定性。  
依据：规程第二百二十条明确瓦斯超限必须停电撤人，且图谱显示瓦斯检查工、调度员等均有权执行撤人。  
处置动作：立即启动应急撤人程序，优先确保人员安全撤离，同步核查停电原因及瓦斯浓度。  
责任分工：矿调度室值班人员牵头组织撤人，瓦斯检查工现场确认气体情况，小队长协助清点人数。",0.625,0.5882,0.131,0.6582,0.5556,0.625,1.833,第二百五十三条-251 || 第二百八十四条-282 || 第六百七十二条-663 || 第四百七十五条-470,瓦斯检查工->停电撤人@第二百二十条 || 小队长->停电撤人@第二百二十条 || 防突工->停电撤人@第二百二十条 || 控制风流排放瓦斯->停电撤人@第一百九十七条 || 矿调度室值班人员->停电撤人@第二百二十条
Q19,疑似透水区域已有人员回撤，调度室还需要补什么指令？,除组织回撤外，还应设置警戒、停止相关作业、核对井下人数、安排排水准备并向调度室持续报告。,"['水害', '停止作业', '撤离人员', '设置警戒', '核对人数', '排水', '上报调度']",pure_llm,纯LLM,"风险判断：存在透水扩大或次生灾害风险，需防止人员误入或信息滞后。  
依据：透水事故具有突发性和扩散性，回撤后仍需确保区域封闭与信息畅通。  
处置动作：立即下达封闭警戒指令，切断通往疑似区域通道，并通知相关区域人员禁止进入。  
责任分工：调度室负责指令下达与信息跟踪，安监部门负责现场警戒，区队负责人核实人员撤离情况。",0.5714,0.5333,0.1224,0.7243,0.5,0.5714,1.623,,
Q19,疑似透水区域已有人员回撤，调度室还需要补什么指令？,除组织回撤外，还应设置警戒、停止相关作业、核对井下人数、安排排水准备并向调度室持续报告。,"['水害', '停止作业', '撤离人员', '设置警戒', '核对人数', '排水', '上报调度']",vector_rag,纯向量RAG,"风险判断：疑似透水区域虽已回撤人员，但仍存在突水扩大及次生灾害风险。  
依据：规程第三百二十六条规定，发现透水征兆时，必须撤出受威胁区域人员并采取监测分析措施。  
处置动作：调度室应立即指令停止该区域一切作业，封锁现场，派专业技术人员监测水情并分析水源，同时启动排水及气体检测预案。  
责任分工：调度室负责统一指挥和信息上报，地测部门负责水情分析，通风和救护队负责气体检测与应急支援，区队配合执行撤人与警戒。",0.7143,0.5263,0.1322,0.7734,0.4167,0.7143,1.95,第六百零一条-593 || 第三百八十一条-378 || 第三百二十六条-324 || 第三百二十九条-327,
Q19,疑似透水区域已有人员回撤，调度室还需要补什么指令？,除组织回撤外，还应设置警戒、停止相关作业、核对井下人数、安排排水准备并向调度室持续报告。,"['水害', '停止作业', '撤离人员', '设置警戒', '核对人数', '排水', '上报调度']",hybrid_graph,混合图检索策略,"风险判断：疑似透水区域存在水害扩大风险，需防止次生灾害。  
依据：第三百二十六条规定发现透水征兆须立即撤人并报告调度室，调度室应掌握全面情况。  
处置动作：调度室应指令现场核实水情、划定警戒范围、切断电源，并通知救护队待命监测气体。  
责任分工：调度室负责统一指挥，现场负责人执行撤人与警戒，技术部门分析水情，救护队负责安全监测。",0.5714,0.4444,0.1182,0.7858,0.3636,0.5714,2.148,第六百零一条-593 || 第三百八十一条-378 || 第三百二十六条-324 || 第三百二十九条-327,撤出受水害威胁区域人员->向矿调度室报告@第三百二十七条 || 水害->报矿调度室@第二百九十二条 || 撤出人员->向矿调度室报告@第三百二十六条 || 向矿调度室报告->撤出受水威胁区域人员@第三百二十六条 || 水灾事故->迅速了解和分析水源、突水点、影响范围等情况@第七百七十二条
Q20,火灾伴随1人受伤时，调度室除灭火外还要怎么协调？,应在控制火源和组织撤离的同时，设置警戒，安排医疗救护联动，组织救护队搜救，并持续监测有害气体。,"['火灾', '撤离人员', '设置警戒', '组织救援', '持续监测', '协同联动']",pure_llm,纯LLM,"风险判断：火灾可能扩大并威胁人员安全，需防止次生灾害。  
依据：火灾现场存在高温、有毒气体及结构坍塌风险，伤员需紧急救治。  
处置动作：立即启动应急预案，通知医疗救援，组织人员撤离，切断电源及易燃物供应，同步上报上级并联动消防、医疗部门。  
责任分工：调度室负责统一指挥与信息传递，安全员组织疏散，值班领导协调外部救援，医疗组现场急救并护送伤员。",0.6667,0.4706,0.1495,0.8519,0.3636,0.6667,2.003,,
Q20,火灾伴随1人受伤时，调度室除灭火外还要怎么协调？,应在控制火源和组织撤离的同时，设置警戒，安排医疗救护联动，组织救护队搜救，并持续监测有害气体。,"['火灾', '撤离人员', '设置警戒', '组织救援', '持续监测', '协同联动']",vector_rag,纯向量RAG,"风险判断：火灾伴随人员受伤，存在火势蔓延、有害气体中毒及二次伤害风险。  
依据：规程第二百七十七条明确调度室需组织抢救人员、灭火并监测气体变化，第二百四十九条要求启动应急预案并疏散人员。  
处置动作：调度室应立即通知矿山救护队救援伤员、监测气体、切断电源，并协调撤离受威胁区域人员。  
责任分工：调度室负责统一指挥，救护队执行救援与气体检测，现场区队组织人员撤离与初期灭火。",0.8333,0.625,0.1404,0.8211,0.5,0.8333,3.648,第二百八十四条-282 || 第二百七十七条-275 || 第二百四十九条-247 || 第二百八十三条-281,
Q20,火灾伴随1人受伤时，调度室除灭火外还要怎么协调？,应在控制火源和组织撤离的同时，设置警戒，安排医疗救护联动，组织救护队搜救，并持续监测有害气体。,"['火灾', '撤离人员', '设置警戒', '组织救援', '持续监测', '协同联动']",hybrid_graph,混合图检索策略,"风险判断：火灾伴随人员受伤，存在火势蔓延、瓦斯积聚及二次伤害风险。  
依据：规程第二百七十七条明确调度室接报后须通知救援力量并组织抢救，第二百四十九条要求启动应急预案并疏散人员。  
处置动作：调度室应立即通知矿山救护队、医疗救援及通风部门，同步组织受威胁区域人员撤离，并监测气体浓度防爆炸。  
责任分工：调度室负责协调救援与撤离，救护队负责灭火与搜救，医疗组救治伤员，通风部门保障气体安全。",0.8333,0.625,0.178,0.8189,0.5,0.8333,3.094,第二百八十四条-282 || 第二百七十七条-275 || 第二百四十九条-247 || 第二百八十三条-281,矿调度室->通知救援力量@第二百七十七条 || 任何人->报矿调度室@第二百七十七条 || 火灾->迅速扑救火灾@第二百四十九条 || 火灾->撤出人员@第二百四十九条 || 火灾->启动灭火和应急疏散预案@第二百四十九条
Q21,连续强降雨影响井下排水和供电，系统应怎样组织联合处置？,应判断为水害与电气异常叠加风险，立即上报调度，组织排水、供电、通风和警戒力量协同联动，必要时撤离人员。,"['水害', '水位异常', '上报调度', '排水', '协同联动', '撤离人员', '设置警戒']",pure_llm,纯LLM,"风险判断：强降雨可能导致井下涌水量骤增、供电中断，存在淹井和瓦斯积聚重大风险。  
依据：矿井水文地质条件恶化，排水系统超负荷，供电设施易受水浸影响。  
处置动作：立即启动应急预案，组织排水、供电、通风等多系统联合响应，加强水位监测，启用备用电源和排水设备，必要时撤人。  
责任分工：矿长统一指挥，机电部门保障供电排水，通风部门监控气体，安监部门监督执行，调度室协调联动。",0.8571,0.6667,0.2435,0.8205,0.5455,0.8571,1.766,,
Q21,连续强降雨影响井下排水和供电，系统应怎样组织联合处置？,应判断为水害与电气异常叠加风险，立即上报调度，组织排水、供电、通风和警戒力量协同联动，必要时撤离人员。,"['水害', '水位异常', '上报调度', '排水', '协同联动', '撤离人员', '设置警戒']",vector_rag,纯向量RAG,"风险判断：连续强降雨可能导致井下排水系统超负荷、供电中断，引发淹井或触电事故。  
依据：规程第二百九十三条明确暴雨洪水威胁矿井安全时必须停产撤人，第三百一十八条要求雨季前完成排水供电系统检修与联合试验。  
处置动作：立即启动雨季防治水应急预案，组织排水、供电、通风等多系统联合排查，强化水位监测与设备抢修，必要时按标准撤人。  
责任分工：矿长统一指挥，总工程师牵头技术处置，机电部门保障供电排水，安全部门监督撤人执行，抢险队伍待命响应。",0.4286,0.3333,0.1977,0.7228,0.2727,0.4286,2.447,第六百五十一条-642 || 第二百九十三条-291 || 第三百零九条-307 || 第三百一十八条-316,
Q21,连续强降雨影响井下排水和供电，系统应怎样组织联合处置？,应判断为水害与电气异常叠加风险，立即上报调度，组织排水、供电、通风和警戒力量协同联动，必要时撤离人员。,"['水害', '水位异常', '上报调度', '排水', '协同联动', '撤离人员', '设置警戒']",hybrid_graph,混合图检索策略,"风险判断：强降雨可能导致井下涌水剧增、排水系统超负荷及供电中断，引发淹井或触电事故。  
依据：规程第二百九十三条要求暴雨威胁矿井安全时必须停产撤人，第三百一十八条强调雨季前排水系统检修与联合试验。  
处置动作：立即启动雨季防治水预案，组织排水、供电、通风等多系统联合排查，启用备用泵和临时排水系统，确保排水能力达标。  
责任分工：矿长统一指挥，机电部门保障供电与排水设备运行，地测部门监测水情，安全部门监督撤人程序执行。",0.4286,0.3333,0.1882,0.6987,0.2727,0.4286,2.703,第六百五十一条-642 || 第二百九十三条-291 || 第三百零九条-307 || 第三百一十八条-316,设置临时排水系统->永久排水系统完成前@第一百零五条 || 施工安装防、排水系统->防排水系统@第三百二十条 || 第一百零五条->设置临时排水系统@第一百零五条 || 设置临时排水系统->备用水泵@第一百零五条 || 设置临时排水系统->临时排水管@第一百零五条
Q22,井下明火已扑灭但烟雾未完全消散，何时可以恢复作业？,应在持续监测烟气、有害气体和通风状态并完成专业复查后，确认风险解除方可恢复作业。,"['火灾', '持续监测', '复查', '加强通风', '风险等级']",pure_llm,纯LLM,"风险判断：烟雾未散表明可能存在复燃或有害气体积聚风险。  
依据：井下作业安全规程要求作业环境空气指标达标后方可复工。  
处置动作：持续通风排烟，检测瓦斯、一氧化碳等气体浓度至安全范围。  
责任分工：由通风部门负责监测气体，安全员确认环境安全后报调度室批准复工。",0.6,0.4615,0.1707,0.7995,0.375,0.6,0.971,,
Q22,井下明火已扑灭但烟雾未完全消散，何时可以恢复作业？,应在持续监测烟气、有害气体和通风状态并完成专业复查后，确认风险解除方可恢复作业。,"['火灾', '持续监测', '复查', '加强通风', '风险等级']",vector_rag,纯向量RAG,"风险判断：井下明火虽扑灭但烟雾未散，存在复燃或有害气体积聚风险，不可贸然恢复作业。  
依据：规程第二百八十四条明确启封火区需逐段通风并检测气体，确认无复燃征兆且通风良好后方可复产。  
处置动作：由矿山救护队持续监测回风流中CO、CH₄浓度及温度，确认火区完全熄灭且通风稳定3天后，方可恢复作业。  
责任分工：矿山救护队负责启封、初期通风及连续3天检测；矿井安全部门组织人员撤离并执行复产审批。",0.6,0.4286,0.1826,0.654,0.3333,0.6,2.592,第二百八十四条-282 || 第二百八十三条-281 || 第二百七十六条-274 || 第二百六十七条-265,
Q22,井下明火已扑灭但烟雾未完全消散，何时可以恢复作业？,应在持续监测烟气、有害气体和通风状态并完成专业复查后，确认风险解除方可恢复作业。,"['火灾', '持续监测', '复查', '加强通风', '风险等级']",hybrid_graph,混合图检索策略,"风险判断：井下明火虽扑灭但烟雾未散，存在复燃或有害气体积聚风险。  
依据：规程第二百八十三条明确火区熄灭需五项指标持续稳定1个月以上，且第二百八十四条要求启封后3天内持续监测。  
处置动作：必须由矿山救护队逐段恢复通风，连续监测CO、CH₄、温度等参数，确认无复燃征兆且气体稳定24小时以上。  
责任分工：矿山救护队负责启封、初期通风及连续3天监测，矿方配合撤人并执行后续复产评估。",0.6,0.4615,0.1244,0.5538,0.375,0.6,2.73,第二百八十四条-282 || 第二百八十三条-281 || 第二百七十六条-274 || 第二百六十七条-265,易燃液体井下存储->火灾风险@第二百五十一条 || 矿井火灾->控制烟雾蔓延@第七百六十九条 || 撤出人员->远距离监测风向、风量、烟雾和气体组分@第二百七十八条 || 远距离监测风向、风量、烟雾和气体组分->稳定24小时以上@第二百七十八条 || 确认火已熄灭->火区出水温度低于25℃或与灾前日常温度相同@第二百八十三条
Q23,瓦斯超限处置中，调度室对通防部门和现场班组的责任分工应怎样明确？,调度室应统一指挥，通防部门负责通风和瓦斯复测，现场班组负责停止作业、切断电源和撤离人员，并按要求回报进展。,"['瓦斯超限', '停止作业', '切断电源', '撤离人员', '加强通风', '复测', '责任分工']",pure_llm,纯LLM,"风险判断：瓦斯超限可能引发瓦斯积聚、爆炸等重大事故，需立即响应。  
依据：依据煤矿安全规程和应急预案，调度室负责统一指挥协调。  
处置动作：调度室应立即通知通防部门分析超限原因并制定措施，同时指令现场班组停止作业、撤人、断电并设置警戒。  
责任分工：通防部门负责技术分析与瓦斯治理措施落实，现场班组负责执行撤人、断电等现场应急处置，调度室全程跟踪并协调联动。",0.7143,0.625,0.2566,0.8188,0.5556,0.7143,2.152,,
Q23,瓦斯超限处置中，调度室对通防部门和现场班组的责任分工应怎样明确？,调度室应统一指挥，通防部门负责通风和瓦斯复测，现场班组负责停止作业、切断电源和撤离人员，并按要求回报进展。,"['瓦斯超限', '停止作业', '切断电源', '撤离人员', '加强通风', '复测', '责任分工']",vector_rag,纯向量RAG,"风险判断：瓦斯超限可能引发爆炸或窒息事故，需明确调度室协调下的责任分工。  
依据：依据《煤矿安全规程》相关条款，调度室负责统一指挥，通防部门负责技术措施与气体监测，现场班组负责执行撤离与警戒。  
处置动作：调度室下达指令后，通防部门立即分析瓦斯来源并制定排放方案，现场班组组织人员撤离并设置警戒。  
责任分工：调度室统筹协调；通防部门负责瓦斯检测与通风调整；现场班组负责人员疏散及现场管控，确保措施落地。",0.7143,0.5882,0.241,0.7131,0.5,0.7143,3.883,第四百七十五条-470 || 第三百九十九条-396 || 第二百五十三条-251 || 第五百五十二条-545,
Q23,瓦斯超限处置中，调度室对通防部门和现场班组的责任分工应怎样明确？,调度室应统一指挥，通防部门负责通风和瓦斯复测，现场班组负责停止作业、切断电源和撤离人员，并按要求回报进展。,"['瓦斯超限', '停止作业', '切断电源', '撤离人员', '加强通风', '复测', '责任分工']",hybrid_graph,混合图检索策略,"风险判断：瓦斯超限可能引发瓦斯积聚、爆炸或突出事故，需立即响应。  
依据：根据知识图谱关系[4]，瓦斯超限需制定安全措施，且[5]规定发现突出预兆须报调度室。  
处置动作：调度室应指令通防部门分析超限原因并制定技术措施，同时通知现场班组立即撤人、断电、设警戒。  
责任分工：通防部门负责瓦斯数据分析与治理方案，现场班组负责执行撤人、警戒及现场管控，调度室统一协调指挥。",0.5714,0.5333,0.2165,0.7663,0.5,0.5714,2.383,第四百七十五条-470 || 第三百九十九条-396 || 第二百五十三条-251 || 第五百五十二条-545,抽采瓦斯泵房->监测预警系统@第二百零三条 || 爆破地点附近20m以内风流中甲烷浓度达到或超过1.0%->严禁采用可燃性材料搭设临时操作间、休息间@第五十三条 || 爆破地点附近20m以内风流中甲烷浓度达到或超过1.0%->使用不燃性材料支护@第五十三条 || 制定安全措施->瓦斯超限@第二百四十三条 || 发现突出预兆->报矿调度室@第二百二十条
Q24,泵房排水恢复后，是否还需要继续监测和复查？,恢复排水后仍需持续监测水位变化，复查排水设备运行状态，并向调度室报告，确认风险解除后再解除警戒。,"['水害', '水位异常', '持续监测', '复查', '上报调度', '设置警戒']",pure_llm,纯LLM,"风险判断：泵房排水恢复后仍存在积水回流、设备故障或结构受损等潜在风险。  
依据：排水系统可能未完全恢复正常，或存在隐蔽隐患，需确认系统稳定运行。  
处置动作：继续监测水位、设备运行状态及泵房结构安全，开展全面复查。  
责任分工：由机电部门负责设备运行监测，安全部门组织现场复查并记录结果。",0.5,0.4286,0.2151,0.7945,0.375,0.5,1.912,,
Q24,泵房排水恢复后，是否还需要继续监测和复查？,恢复排水后仍需持续监测水位变化，复查排水设备运行状态，并向调度室报告，确认风险解除后再解除警戒。,"['水害', '水位异常', '持续监测', '复查', '上报调度', '设置警戒']",vector_rag,纯向量RAG,"风险判断：泵房排水恢复后仍存在水害复涌或设备异常风险，需持续监测。  
依据：规程第三百一十八条要求对水泵等设备定期检查维护，第三百二十九条强调排水过程需定时观测水位及气体成分。  
处置动作：排水恢复后应持续监测水位、设备运行状态及有害气体，并安排复查确保系统稳定。  
责任分工：由矿井技术部门牵头监测分析，排水工区负责设备巡检，矿山救护队协助气体检测。",0.6667,0.5333,0.211,0.8006,0.4444,0.6667,1.127,第三百一十八条-316 || 第三百二十九条-327 || 第三百二十六条-324 || 第六百四十九条-640,
Q24,泵房排水恢复后，是否还需要继续监测和复查？,恢复排水后仍需持续监测水位变化，复查排水设备运行状态，并向调度室报告，确认风险解除后再解除警戒。,"['水害', '水位异常', '持续监测', '复查', '上报调度', '设置警戒']",hybrid_graph,混合图检索策略,"风险判断：泵房排水恢复后仍存在水位异常、设备故障或有害气体积聚的潜在风险。  
依据：规程第三百一十八条要求定期检查维护排水设备，第三百二十九条强调排水后需监测水位及气体成分。  
处置动作：恢复排水后应持续监测水位、设备运行状态及有害气体，并安排专人巡检或视频监视。  
责任分工：由矿调度室组织排水系统运维单位实施监测，矿山救护队配合气体检测，技术部门分析数据并制定应对措施。",0.6667,0.5333,0.2271,0.8258,0.4444,0.6667,2.261,第三百一十八条-316 || 第三百二十九条-327 || 第三百二十六条-324 || 第六百四十九条-640,抽采瓦斯泵房->监测预警系统@第二百零三条 || 保证矿井供电、通风、排水、通信、安全监控和人员位置监测系统正常运行->防排水系统@第十九条 || 保证矿井供电、通风、排水、通信、安全监控和人员位置监测系统正常运行->人员位置监测系统@第十九条 || 巡回检查->排水系统集中控制@第三百一十六条 || 矿井主要泵房全部工作水泵和备用水泵->进行联合排水试验@第三百一十八条
Q25,两名人员失联后已初步锁定区域，下一步救援组织重点是什么？,应组织救护队分组搜救，保持通信联络，设置警戒和安全员监护，并持续向调度室回报搜救进展。,"['人员失联', '组织救援', '保持通信', '设置警戒', '安全员', '上报调度']",pure_llm,纯LLM,"风险判断：失联人员可能处于缺氧、有毒有害气体环境或被困于狭窄空间，存在窒息、中毒或二次坍塌风险。  
依据：煤矿井下环境复杂，通风不良易积聚瓦斯、一氧化碳，且地质结构不稳定。  
处置动作：立即组织专业救援队携带气体检测仪、生命探测仪进入锁定区域，同步加强通风、切断电源，防止次生灾害。  
责任分工：由现场总指挥统一调度，救援队负责搜救，通风组保障气体安全，医疗组待命，安全员全程监测环境风险。",0.5,0.4,0.1293,0.5139,0.3333,0.5,2.354,,
Q25,两名人员失联后已初步锁定区域，下一步救援组织重点是什么？,应组织救护队分组搜救，保持通信联络，设置警戒和安全员监护，并持续向调度室回报搜救进展。,"['人员失联', '组织救援', '保持通信', '设置警戒', '安全员', '上报调度']",vector_rag,纯向量RAG,"风险判断：失联区域存在有害气体、顶板垮塌及通风不良等高风险，威胁救援与被困人员安全。  
依据：规程第七百六十三条要求设立井下基地并保持联络，第七百六十七条明确灾区探察需检测气体、顶板及通风状况。  
处置动作：立即组织探察小队进入锁定区域，检测气体浓度、巷道支护及通风情况，同步标记路线并搜寻失联人员。  
责任分工：矿山救护队指挥员负责带队探察，井下基地值班员负责联络与监测，待机小队待命支援，确保信息实时上报指挥部。",0.5,0.4286,0.1061,0.5769,0.375,0.5,2.431,第七百六十四条-753 || 第七百六十三条-752 || 第七百六十七条-756 || 第七百三十七条-726,
Q25,两名人员失联后已初步锁定区域，下一步救援组织重点是什么？,应组织救护队分组搜救，保持通信联络，设置警戒和安全员监护，并持续向调度室回报搜救进展。,"['人员失联', '组织救援', '保持通信', '设置警戒', '安全员', '上报调度']",hybrid_graph,混合图检索策略,"风险判断：失联区域可能存在有害气体积聚、顶板垮塌或通风中断等次生灾害风险。  
依据：规程第七百六十三条要求井下基地实时监测风流、气体浓度及支护状况，第七百六十七条明确探察需检查通风、气体、温度等参数。  
处置动作：立即组织救护小队进入锁定区域开展灾区探察，同步检测气体、标记路线，发现遇险人员迅速护送至安全区域或井下基地。  
责任分工：矿山救护队指挥员负责带队探察并决策撤离，井下基地值班人员负责联络监测，待机小队随时准备增援。",0.3333,0.2667,0.1036,0.5739,0.2222,0.3333,3.893,第七百六十四条-753 || 第七百六十三条-752 || 第七百六十七条-756 || 第七百三十七条-726,煤矿企业、煤矿必须建立应急救援组织->建立应急救援组织@第二十一条 || 从滑体两侧安全区域实施救援->救援人员@第七百七十五条 || 突发情况->撤出危险区域@第七百六十四条 || 危及救援人员生命安全->撤出危险区域@第七百六十四条 || 边坡滑坡->从滑体两侧安全区域实施救援@第七百七十五条
Q26,火区封闭后回风温度再次升高，调度室需要立即做哪些动作？,应按复燃高风险处理，限制进入，设置警戒，组织专业复查火区和回风监测数据，并持续报告调度室。,"['火灾', '高温', '限制进入', '设置警戒', '复查', '持续监测', '上报调度']",pure_llm,纯LLM,"风险判断：火区复燃风险升高，存在瓦斯积聚或二次燃烧可能。  
依据：回风温度异常升高表明封闭区内热源未彻底熄灭或出现新火源。  
处置动作：立即通知井下人员撤离，切断受影响区域电源，加强气体监测，准备启封灭火或采取注惰措施。  
责任分工：调度室负责指挥协调、信息上报和应急响应启动，通风部门负责气体检测与通风调整，救护队待命处置。",0.5714,0.4444,0.1485,0.7753,0.3636,0.5714,6.092,,
Q26,火区封闭后回风温度再次升高，调度室需要立即做哪些动作？,应按复燃高风险处理，限制进入，设置警戒，组织专业复查火区和回风监测数据，并持续报告调度室。,"['火灾', '高温', '限制进入', '设置警戒', '复查', '持续监测', '上报调度']",vector_rag,纯向量RAG,"风险判断：回风温度升高表明火区可能复燃，存在重大安全隐患。  
依据：规程第二百八十四条指出，发现复燃征兆时必须立即停止送风并重新封闭火区。  
处置动作：调度室应立即通知停止向火区送风，组织矿山救护队重新封闭火区，并撤出回风巷道人员。  
责任分工：调度室负责指挥协调，矿山救护队负责现场封闭与检测，通风部门配合监测气体与温度。",0.5714,0.4706,0.1592,0.7957,0.4,0.5714,2.076,第二百八十四条-282 || 第二百八十三条-281 || 第五百八十三条-576 || 第二百五十七条-255,
Q26,火区封闭后回风温度再次升高，调度室需要立即做哪些动作？,应按复燃高风险处理，限制进入，设置警戒，组织专业复查火区和回风监测数据，并持续报告调度室。,"['火灾', '高温', '限制进入', '设置警戒', '复查', '持续监测', '上报调度']",hybrid_graph,混合图检索策略,"风险判断：火区封闭后回风温度升高，存在复燃或未完全熄灭的重大安全隐患。  
依据：根据规程第二百八十三条，火区熄灭需满足温度、氧气、气体浓度等五项指标持续稳定1个月以上，温度回升表明条件未达标。  
处置动作：调度室应立即通知矿山救护队停止通风、重新封闭火区，并组织检测气体成分与温度变化。  
责任分工：调度室负责启动应急响应并通知救援力量，矿山救护队负责现场处置与监测，确保人员撤离。",0.5714,0.4706,0.1217,0.7472,0.4,0.5714,8.203,第二百八十四条-282 || 第二百八十三条-281 || 第五百八十三条-576 || 第二百五十七条-255,任何人->报矿调度室@第二百七十七条 || 矿调度室->通知救援力量@第二百七十七条 || 高温炮孔->采用两种方法测试孔内温度@第五百八十三条 || 孔内温度在80℃以上->采取灭火、降温措施@第五百八十三条 || 采掘工作面空气温度超过26℃->给予高温保健待遇@第七百一十二条
Q27,突水前兆与人员失联同时出现时，系统应如何平衡撤人与搜救？,应优先撤出受威胁区域人员并停止作业，设置警戒，在确认通道和风险条件后组织救援力量实施搜救，并及时上报调度。,"['水害', '人员失联', '停止作业', '撤离人员', '设置警戒', '组织救援', '上报调度']",pure_llm,纯LLM,"风险判断：突水前兆表明水害风险急剧升高，人员失联可能已受困，需兼顾撤离与救援。  
依据：突水具有突发性和破坏性，失联人员位置不明，盲目搜救可能扩大伤亡。  
处置动作：立即启动应急预案，组织非危险区域人员快速撤离，同时调派专业救援队携带定位设备进入可能区域搜救。  
责任分工：矿长统筹指挥，安全副矿长组织撤离，救护队长负责搜救，调度室实时监测水情并通报。",0.7143,0.5263,0.1525,0.6515,0.4167,0.7143,1.21,,
Q27,突水前兆与人员失联同时出现时，系统应如何平衡撤人与搜救？,应优先撤出受威胁区域人员并停止作业，设置警戒，在确认通道和风险条件后组织救援力量实施搜救，并及时上报调度。,"['水害', '人员失联', '停止作业', '撤离人员', '设置警戒', '组织救援', '上报调度']",vector_rag,纯向量RAG,"风险判断：突水前兆与人员失联并存时，存在透水事故扩大和人员被困双重高风险。  
依据：规程第三百二十六条明确突水征兆出现时必须立即撤出受威胁区域人员，确保生命安全优先。  
处置动作：立即启动撤人程序，同步由矿山救护队携带装备进入失联区域搜救，边撤边救、分区管控。  
责任分工：现场负责人组织撤人并上报调度室，矿山救护队负责搜救，技术部门监测水情并评估风险。",0.7143,0.5556,0.1964,0.7766,0.4545,0.7143,1.152,第三百二十六条-324 || 第三百二十九条-327 || 第六百五十一条-642 || 第六百零一条-593,
Q27,突水前兆与人员失联同时出现时，系统应如何平衡撤人与搜救？,应优先撤出受威胁区域人员并停止作业，设置警戒，在确认通道和风险条件后组织救援力量实施搜救，并及时上报调度。,"['水害', '人员失联', '停止作业', '撤离人员', '设置警戒', '组织救援', '上报调度']",hybrid_graph,混合图检索策略,"风险判断：突水前兆与人员失联并存时，水害威胁扩大，存在淹井与人员伤亡双重风险。  
依据：规程第三百二十六条明确突水征兆下必须立即撤出受威胁区域人员，现场负责人员为第一责任人。  
处置动作：优先执行全员撤离，同步启动应急通讯定位系统搜寻失联人员，由矿山救护队实施受限空间搜救。  
责任分工：现场负责人员组织撤离并上报，调度室协调救援力量，救护队负责专业搜救，技术组监测水情保障行动安全。",0.7143,0.5263,0.2008,0.8537,0.4167,0.7143,1.351,第三百二十六条-324 || 第三百二十九条-327 || 第六百五十一条-642 || 第六百零一条-593,水害->撤出人员@第二百九十二条 || 立即撤离->救援人员@第七百七十五条 || 撤出危险区域->井下人员@第七百四十条 || 主要通风机停止运转->撤出人员@第一百八十条 || 撤出人员->现场负责人员@第三百二十六条
Q28,联合调度时，除了事故类型和风险等级，还必须同步哪些信息？,还应同步人员撤离情况、处置阶段、责任分工、通信频率、规程依据和升级上报条件，确保各部门行动一致。,"['事故扩大', '风险等级', '撤离人员', '责任分工', '规程依据', '保持通信', '升级上报']",pure_llm,纯LLM,"风险判断：联合调度需确保信息全面，避免因信息缺失导致响应延误或误判。  
依据：事故处置依赖多维度信息协同，仅靠类型和等级不足以支撑科学决策。  
处置动作：必须同步事故地点、影响范围、已采取措施、资源需求、现场人员状况及环境条件等信息。  
责任分工：调度中心负责信息汇总与分发，各相关部门按职责提供实时数据并确认接收。",0.4286,0.5455,0.16,0.6651,0.75,0.4286,1.736,,
Q28,联合调度时，除了事故类型和风险等级，还必须同步哪些信息？,还应同步人员撤离情况、处置阶段、责任分工、通信频率、规程依据和升级上报条件，确保各部门行动一致。,"['事故扩大', '风险等级', '撤离人员', '责任分工', '规程依据', '保持通信', '升级上报']",vector_rag,纯向量RAG,"风险判断：联合调度时信息不同步可能导致救援延误或次生事故。  
依据：规程第七百六十五条明确要求提供救援所需图纸和技术资料，第七百七十四条强调通风、瓦斯、顶板等实时监测。  
处置动作：必须同步井下人数、通风状况、瓦斯浓度、顶板稳定性、设备状态及避险系统运行情况。  
责任分工：调度中心负责信息汇总与传递，现场指挥组核实并反馈关键数据，技术部门提供图纸与系统支持。",0.2857,0.2857,0.1441,0.6921,0.2857,0.2857,1.159,第七百七十四条-763 || 第七百六十五条-754 || 第六百零三条-595 || 第七百三十条-720,
Q28,联合调度时，除了事故类型和风险等级，还必须同步哪些信息？,还应同步人员撤离情况、处置阶段、责任分工、通信频率、规程依据和升级上报条件，确保各部门行动一致。,"['事故扩大', '风险等级', '撤离人员', '责任分工', '规程依据', '保持通信', '升级上报']",hybrid_graph,混合图检索策略,"风险判断：联合调度时信息不全可能导致救援延误或次生事故。  
依据：规程第七百六十五条要求提供救援所需图纸和技术资料，确保救援精准高效。  
处置动作：必须同步井下人员分布、通风系统状态、瓦斯浓度及安全避险系统运行情况。  
责任分工：矿调度室负责汇总并实时共享上述信息，救援指挥组据此决策行动方案。",0.2857,0.3077,0.1587,0.6822,0.3333,0.2857,67.602,第七百七十四条-763 || 第七百六十五条-754 || 第六百零三条-595 || 第七百三十条-720,报矿调度室->矿调度室@第三百五十条 || 更新监测预警值->发生滑坡事故@第六百四十条 || 使用紧急停机开关->可能发生重大设备事故@第六百零三条 || 水灾事故->防止有害气体中毒、窒息事故@第七百七十二条 || 第七百三十一条->编制应急救援预案@第七百三十一条
Q29,通风恢复后瓦斯浓度下降，但仍高于正常值，现场可以解除警戒吗？,在浓度恢复正常并完成复测、确认风险解除前，不应解除警戒，应继续限制作业并向调度室报告。,"['瓦斯超限', '复测', '设置警戒', '上报调度', '风险等级']",pure_llm,纯LLM,"风险判断：瓦斯浓度仍高于正常值，存在瓦斯积聚或再次超限风险，不可解除警戒。  
依据：安全规程规定，瓦斯浓度必须降至正常范围并稳定后方可解除警戒。  
处置动作：继续加强通风，监测瓦斯浓度变化，查明超限原因并彻底处理。  
责任分工：由通风部门负责调整通风系统，安全员持续监测，矿长或值班领导决定是否解除警戒。",0.6,0.4615,0.2011,0.6766,0.375,0.6,1.619,,
Q29,通风恢复后瓦斯浓度下降，但仍高于正常值，现场可以解除警戒吗？,在浓度恢复正常并完成复测、确认风险解除前，不应解除警戒，应继续限制作业并向调度室报告。,"['瓦斯超限', '复测', '设置警戒', '上报调度', '风险等级']",vector_rag,纯向量RAG,"风险判断：瓦斯浓度仍高于正常值，存在复燃或爆炸风险，不可解除警戒。  
依据：规程第一百九十七条明确恢复通风后甲烷浓度需≤1.0%、二氧化碳≤1.5%方可恢复供电与作业。  
处置动作：继续加强通风，监测气体浓度变化，待甲烷≤1.0%且二氧化碳≤1.5%后方可逐步恢复作业。  
责任分工：由通风部门负责持续监测与通风调控，安全员监督警戒状态，矿总工程师审批后续恢复方案。",0.6,0.4286,0.1727,0.6035,0.3333,0.6,1.792,第一百九十七条-196 || 第二百八十四条-282 || 第七百七十一条-760 || 第一百九十三条-193,
Q29,通风恢复后瓦斯浓度下降，但仍高于正常值，现场可以解除警戒吗？,在浓度恢复正常并完成复测、确认风险解除前，不应解除警戒，应继续限制作业并向调度室报告。,"['瓦斯超限', '复测', '设置警戒', '上报调度', '风险等级']",hybrid_graph,混合图检索策略,"风险判断：瓦斯浓度仍高于正常值，存在复燃或爆炸风险，不可解除警戒。  
依据：规程第一百九十七条明确恢复通风后甲烷浓度需≤1.0%、二氧化碳≤1.5%方可恢复供电与作业。  
处置动作：继续加强通风稀释瓦斯，持续监测浓度变化，严禁恢复供电或人员进入。  
责任分工：由通风部门负责监测与通风调控，安全员监督警戒状态，矿总工程师决策解除条件。",0.6,0.4286,0.1667,0.6286,0.3333,0.6,2.429,第一百九十七条-196 || 第二百八十四条-282 || 第七百七十一条-760 || 第一百九十三条-193,逐段恢复通风->测定回风流中一氧化碳、甲烷浓度和风流温度@第二百八十四条 || 停电撤人->恢复送电@第一百九十七条 || 检查瓦斯和煤尘浓度->人工开启局部通风机@第一百九十七条 || 抽出式通风机->采用矿井全风压通风或压入式局部通风机通风@第一百八十二条 || 有毒有害气体超限->加强通风@第一百五十六条
Q30,井下火灾、水害和停电风险叠加时，系统应给出什么样的综合处置思路？,应按复合高危场景处置，立即停止作业、切断相关电源、撤离人员、设置警戒，并统筹通风、排水、救援和调度力量协同联动。,"['火灾', '水害', '复合风险', '停止作业', '切断电源', '撤离人员', '设置警戒', '协同联动']",pure_llm,纯LLM,"风险判断：井下火灾、水害与停电叠加将导致通风中断、逃生受阻、救援困难，极易引发群死群伤。  
依据：火灾产生有毒烟气，水害可能淹没巷道，停电使排水、通风、照明系统失效，三者叠加形成连锁灾害。  
处置动作：立即启动最高级别应急响应，切断电源防电火，启用备用电源保障关键系统，组织人员沿避灾路线有序撤离。  
责任分工：矿长统一指挥，通风部门控烟控风，机电部门抢修供电排水，安监部门引导撤离，救护队待命救援。",0.625,0.5556,0.144,0.6865,0.5,0.625,2.626,,
Q30,井下火灾、水害和停电风险叠加时，系统应给出什么样的综合处置思路？,应按复合高危场景处置，立即停止作业、切断相关电源、撤离人员、设置警戒，并统筹通风、排水、救援和调度力量协同联动。,"['火灾', '水害', '复合风险', '停止作业', '切断电源', '撤离人员', '设置警戒', '协同联动']",vector_rag,纯向量RAG,"风险判断：火灾、水害与停电叠加易引发有毒气体积聚、通风中断及救援受阻，构成重大复合灾害风险。  
依据：规程要求火灾启封需检测气体与温度，水害排水须防有害气体涌出，暴雨洪水须立即撤人，停电影响通风与监测。  
处置动作：立即启动应急预案，优先撤人，切断电源，启用备用通风，同步监测气体、水位及火情，由救护队主导现场处置。  
责任分工：矿长统一指挥，救护队负责气体检测与火区处理，机电部门保障应急供电，防治水小组监控水情并排水。",0.625,0.4762,0.1379,0.6467,0.3846,0.625,1.34,第三百二十九条-327 || 第六百五十一条-642 || 第二百八十四条-282 || 第二百九十三条-291,
Q30,井下火灾、水害和停电风险叠加时，系统应给出什么样的综合处置思路？,应按复合高危场景处置，立即停止作业、切断相关电源、撤离人员、设置警戒，并统筹通风、排水、救援和调度力量协同联动。,"['火灾', '水害', '复合风险', '停止作业', '切断电源', '撤离人员', '设置警戒', '协同联动']",hybrid_graph,混合图检索策略,"风险判断：火灾、水害与停电叠加易引发有毒气体积聚、通风中断及救援受阻，构成复合型重大事故风险。  
依据：规程第三百二十九条、第二百八十四条及第二百九十三条明确水害排水、火区启封及暴雨撤人要求，图谱显示设计需统筹多重灾害防治。  
处置动作：立即切断非应急电源，启动排水与有害气体监测，由矿山救护队主导撤人并恢复通风，优先保障生命通道安全。  
责任分工：矿长统一指挥，救护队执行现场处置，通风与地测部门协同监测，调度室负责联络与撤人路线管控。",0.75,0.5455,0.1487,0.6118,0.4286,0.75,2.174,第三百二十九条-327 || 第六百五十一条-642 || 第二百八十四条-282 || 第二百九十三条-291,编制设计->火灾风险@第五十一条 || 编制设计->水害@第五十一条 || 编制设计->瓦斯突出@第五十一条 || 编制设计->冲击地压@第五十一条 || 蓄电池电机车库火灾->切断灾区电源@第七百六十九条
