case_id,query,reference,expected,strategy,method,answer,latency_s,doc_context,graph_context,em,f1,rouge_l,semantic_similarity,key_precision,key_recall
Q01,掘进工作面瓦斯浓度持续上升并接近超限，调度室应立即组织哪些处置步骤？,立即停工停电，撤出人员，加强通风复测，并上报调度。,"['瓦斯超限', '停止作业', '切断电源', '撤离人员', '加强通风', '上报调度', '复测']",pure_llm,纯LLM,"风险判断：存在瓦斯超限引发爆炸或窒息的重大安全风险。  
依据：瓦斯浓度持续上升接近超限值，违反煤矿安全规程中关于瓦斯浓度控制的规定。  
处置动作：立即停止掘进作业，切断电源，撤出人员，加强通风，实时监测瓦斯变化，查明原因并采取针对性措施。  
责任分工：调度室负责指挥协调，通风部门调整风量，安监人员监督撤人，技术部门分析原因，矿领导决策应急处置方案。",1.949,,,0.8571,0.7059,0.2062,0.464,0.6,0.8571
Q01,掘进工作面瓦斯浓度持续上升并接近超限，调度室应立即组织哪些处置步骤？,立即停工停电，撤出人员，加强通风复测，并上报调度。,"['瓦斯超限', '停止作业', '切断电源', '撤离人员', '加强通风', '上报调度', '复测']",vector_rag,纯向量RAG,"风险判断：掘进工作面瓦斯浓度持续上升接近超限，存在瓦斯积聚和爆炸风险。  
依据：根据规程第一百九十二条，甲烷浓度达1.0%时必须停止作业、撤人并处理。  
处置动作：立即停止掘进作业，切断电源，撤出人员，加强通风并启动瓦斯抽采或引排措施。  
责任分工：调度室负责指挥撤人和停送电，通风部门调整风量并监测浓度，掘进队配合应急处置。",1.6,"[1] 来源：煤矿安全规程2025.pdf；片段：第一百零八条-108；得分：0.8745
第一百零八条 建井期间有下列情况之一的,必须建立瓦斯 抽采系统: (一)突出矿井在揭露突出煤层前. (二)任一掘进工作面瓦斯涌出量大于３m ３/min,用通风方法 解决瓦斯问题不合理的.

[2] 来源：煤矿安全规程2025.pdf；片段：第一百九十二条-192；得分：0.8704
第一百九十二条 采区回风巷、采掘工作面回风巷风流中甲 烷浓度达到１．０％或者二氧化碳浓度达到１．５％时,必须停止工 作,撤出人员,采取措施,进行处理.

[3] 来源：煤矿安全规程2025.pdf；片段：第一百九十三条-193；得分：0.8558
第一百九十三条 采掘工作面及其他作业地点风流中甲烷浓 度达到１．０％时,必须停止用电作业;爆破地点附近２０m 以内风流 中甲烷浓度达到１．０％时,严禁爆破. 采掘工作面及其他作业地点风流中、电动机或者其开关安设 地点附近２０m 以内风流中的甲烷浓度达到１．５％时,必须停止工 作,切断电源,撤出人员,进行处理. 采掘工作面及其他巷道内,体积大于０．５m ３ 的空间内积聚的 甲烷浓度达到２．０％时,附近２０m 内必须停止工作,撤出人员,切 断电源,进行处理. 第一 百 九 十 四 条 采 掘 工 作 面 风 流 中 二 氧 化 碳 浓 度 达 到 ５ — — ７ １．５％时,必 须 停 止 工 作,撤 出 人 员,查 明 原 因,制 定 措 施,进 行 处理.

[4] 来源：煤矿安全规程2025.pdf；片段：第一百九十九条-198；得分：0.8529
第一百九十九条 有瓦斯或者二氧化碳喷出的煤(岩)层,采 掘作业前必须采取下列措施: (一)施工前探钻孔或者瓦斯治理钻孔. (二)加大喷出危险区域的风量. (三)将喷出的瓦斯或者二氧化碳直接引入回风巷或者抽采瓦 斯管路.",,1.0,0.8235,0.1978,0.4692,0.7,1.0
Q01,掘进工作面瓦斯浓度持续上升并接近超限，调度室应立即组织哪些处置步骤？,立即停工停电，撤出人员，加强通风复测，并上报调度。,"['瓦斯超限', '停止作业', '切断电源', '撤离人员', '加强通风', '上报调度', '复测']",hybrid_graph,混合图检索策略,"风险判断：掘进面瓦斯浓度持续上升接近超限，存在瓦斯积聚和爆炸风险。  
依据：规程第一百九十二条、第一百九十三条明确甲烷浓度达1.0%须停工撤人，1.5%须断电处理。  
处置动作：立即停止作业、切断电源、撤出人员，加强通风并启动瓦斯抽采系统引排瓦斯。  
责任分工：调度室负责指挥撤人、停送电及启动应急措施，通风部门负责调整风量与瓦斯抽采，现场负责人执行撤人断电。",2.022,"[1] 来源：煤矿安全规程2025.pdf；片段：第一百零八条-108；得分：0.8745
第一百零八条 建井期间有下列情况之一的,必须建立瓦斯 抽采系统: (一)突出矿井在揭露突出煤层前. (二)任一掘进工作面瓦斯涌出量大于３m ３/min,用通风方法 解决瓦斯问题不合理的.

[2] 来源：煤矿安全规程2025.pdf；片段：第一百九十二条-192；得分：0.8704
第一百九十二条 采区回风巷、采掘工作面回风巷风流中甲 烷浓度达到１．０％或者二氧化碳浓度达到１．５％时,必须停止工 作,撤出人员,采取措施,进行处理.

[3] 来源：煤矿安全规程2025.pdf；片段：第一百九十三条-193；得分：0.8558
第一百九十三条 采掘工作面及其他作业地点风流中甲烷浓 度达到１．０％时,必须停止用电作业;爆破地点附近２０m 以内风流 中甲烷浓度达到１．０％时,严禁爆破. 采掘工作面及其他作业地点风流中、电动机或者其开关安设 地点附近２０m 以内风流中的甲烷浓度达到１．５％时,必须停止工 作,切断电源,撤出人员,进行处理. 采掘工作面及其他巷道内,体积大于０．５m ３ 的空间内积聚的 甲烷浓度达到２．０％时,附近２０m 内必须停止工作,撤出人员,切 断电源,进行处理. 第一 百 九 十 四 条 采 掘 工 作 面 风 流 中 二 氧 化 碳 浓 度 达 到 ５ — — ７ １．５％时,必 须 停 止 工 作,撤 出 人 员,查 明 原 因,制 定 措 施,进 行 处理.

[4] 来源：煤矿安全规程2025.pdf；片段：第一百九十九条-198；得分：0.8529
第一百九十九条 有瓦斯或者二氧化碳喷出的煤(岩)层,采 掘作业前必须采取下列措施: (一)施工前探钻孔或者瓦斯治理钻孔. (二)加大喷出危险区域的风量. (三)将喷出的瓦斯或者二氧化碳直接引入回风巷或者抽采瓦 斯管路.","[1] 抽采瓦斯泵房 -> REQUIRES -> 监测预警系统（第二百零三条；证据：泵房必须有直通矿调度室的电话和检测管道瓦斯浓度、流量、压力等参数的仪表或者自动监测系统）
[2] 爆破地点附近20m以内风流中甲烷浓度达到或超过1.0% -> REQUIRES -> 使用不燃性材料支护（第五十三条；条件：中央企业；证据：如果开采煤层厚度变薄,可以适当增加采煤工作面数量.薄煤层或者长壁充填开采需增加采掘工作面个数时,中央企业应当向国家矿山安全监察局报告）
[3] 爆破地点附近20m以内风流中甲烷浓度达到或超过1.0% -> REQUIRES -> 严禁采用可燃性材料搭设临时操作间、休息间（第五十三条；条件：其他企业；证据：其他企业应当向省级煤矿安全监管部门和驻地矿山安全监察机构报告）
[4] 将瓦斯引排到地面 -> IF -> 稀释后风流中瓦斯浓度不超限（第二百零四条；证据：抽出的瓦斯可以引排到地面、总回风巷或者采(盘)区回风巷,但必须保证稀释后风流中的瓦斯浓度不超限）
[5] 将瓦斯引排到总回风巷或采区回风巷 -> IF -> 稀释后风流中瓦斯浓度不超限（第二百零四条；证据：抽出的瓦斯可以引排到地面、总回风巷或者采(盘)区回风巷,但必须保证稀释后风流中的瓦斯浓度不超限）",0.8571,0.8,0.1709,0.5966,0.75,0.8571
Q02,井下运输巷道出现明火和浓烟，如何组织初期救援并防止事故扩大？,停止作业并切断电源，撤离人员，设警戒，上报调度，组织救援并持续监测烟气。,"['火灾', '停止作业', '切断电源', '撤离人员', '设置警戒', '上报调度', '组织救援', '持续监测']",pure_llm,纯LLM,"风险判断：井下运输巷道出现明火和浓烟，存在火灾蔓延、有毒有害气体扩散及人员中毒窒息风险。  
依据：火灾产生高温、浓烟和有毒气体，可能引发瓦斯爆炸或风流紊乱，威胁井下人员安全。  
处置动作：立即启动应急预案，切断电源，停止运输设备，组织人员沿避灾路线逆风撤离，同时启动局部通风排烟。  
责任分工：现场跟班干部指挥撤离，瓦检员监测气体，救护队待命，调度室协调救援并上报，确保信息畅通、响应迅速。",1.886,,,0.75,0.6,0.1511,0.5508,0.5,0.75
Q02,井下运输巷道出现明火和浓烟，如何组织初期救援并防止事故扩大？,停止作业并切断电源，撤离人员，设警戒，上报调度，组织救援并持续监测烟气。,"['火灾', '停止作业', '切断电源', '撤离人员', '设置警戒', '上报调度', '组织救援', '持续监测']",vector_rag,纯向量RAG,"风险判断：井下运输巷道明火和浓烟可能引发火灾或瓦斯爆炸，威胁人员安全。  
依据：根据规程第二百六十七条，发现自然发火征兆必须立即停止作业并采取控制措施。  
处置动作：立即切断电源，启动应急预案，组织人员沿避灾路线撤离，同时通知矿山救护队。  
责任分工：现场负责人组织撤离，通风部门调整风流，救护队负责火情侦察与初期处置。",1.392,"[1] 来源：煤矿安全规程2025.pdf；片段：第二百八十四条-282；得分：0.8725
第二百八十四条 启封已熄灭的火区前,必须制定安全措施. 启封火区时,应当逐段恢复通风,同时测定回风流中的一氧化 碳、甲烷浓度和风流温度.发现复燃征兆时,必须立即停止向火区 送风,并重新封闭火区. 启封火区和恢复火区初期通风等工作,必须由矿山救护队负 责进行,火区回风风流所经过巷道中的人员必须全部撤出. 在启封火区工作完毕后的３天内,每班必须由矿山救护队检 查通风工作,并测定水温、空气温度和空气成分.只有在确认火区 完全熄灭、通风等情况良好后,方可进行生产工作.

[2] 来源：煤矿安全规程2025.pdf；片段：第二百六十七条-265；得分：0.8706
第二百六十七条 开采容易自燃和自燃煤层时,必须制定防 治采空区(特别是工作面始采线、终采线、进回风巷煤柱线和三角 点)、巷道高冒区、煤柱破坏区自然发火的技术措施. 当井下发现自然发火征兆时,必须停止作业,立即采取有效措 施处理.在发火征兆不能得到有效控制时,必须撤出人员,封闭危 ３ — ０ — １ 险区域.进行封闭施工作业时,无关人员和其他区域所有人员必 须全部撤出.

[3] 来源：煤矿安全规程2025.pdf；片段：第二百三十九条-237；得分：0.8112
第二百三十九条 井巷揭穿突出煤层和在突出煤层中进行采 掘作业时,必须采取避难硐室、反向风门、压风自救装置、隔绝式自 救器、远距离爆破等安全防护措施.

[4] 来源：煤矿安全规程2025.pdf；片段：第二百五十八条-256；得分：0.8073
第二百五十八条 进风井口应当装设防火铁门,防火铁门必 须严密并易于关闭,打开时不妨碍提升、运输和人员通行,并定期 维修;如果不设防火铁门,必须有防止烟火进入矿井的安全措施. 罐笼提升立井井口还应当采取以下措施: (一)井口操车系统基础下部的负层空间应当与井筒隔离,并 设置消防设施. (二)操车系统液压管路应当采用金属管或者阻燃高压非金属 管,传动介质使用难燃液,液压站不得安装在封闭空间内. (三)井筒及负层空间的动力电缆、信号电缆和控制电缆应当 采用煤矿用阻燃电缆,并与操车系统液压管路分开布置. (四)操车系统机坑及井口负层空间内应当及时清理漏油,每 天检查清理情况,不得留存杂物和易燃物.",,0.625,0.625,0.1895,0.6769,0.625,0.625
Q02,井下运输巷道出现明火和浓烟，如何组织初期救援并防止事故扩大？,停止作业并切断电源，撤离人员，设警戒，上报调度，组织救援并持续监测烟气。,"['火灾', '停止作业', '切断电源', '撤离人员', '设置警戒', '上报调度', '组织救援', '持续监测']",hybrid_graph,混合图检索策略,"风险判断：井下运输巷道明火和浓烟可能引发火灾扩大、烟雾蔓延及巷道垮塌，威胁人员安全。  
依据：规程第二百八十四条、第二百六十七条及图谱关系显示，火灾需立即控制烟雾、防止风流受阻和巷道垮塌。  
处置动作：立即停止作业，撤出人员，由矿山救护队负责封闭火区、恢复通风并监测气体，防止复燃。  
责任分工：矿调度室通知救援力量，救护队执行封闭与通风，现场人员撤离，无关人员禁入危险区域。",1.904,"[1] 来源：煤矿安全规程2025.pdf；片段：第二百八十四条-282；得分：0.8725
第二百八十四条 启封已熄灭的火区前,必须制定安全措施. 启封火区时,应当逐段恢复通风,同时测定回风流中的一氧化 碳、甲烷浓度和风流温度.发现复燃征兆时,必须立即停止向火区 送风,并重新封闭火区. 启封火区和恢复火区初期通风等工作,必须由矿山救护队负 责进行,火区回风风流所经过巷道中的人员必须全部撤出. 在启封火区工作完毕后的３天内,每班必须由矿山救护队检 查通风工作,并测定水温、空气温度和空气成分.只有在确认火区 完全熄灭、通风等情况良好后,方可进行生产工作.

[2] 来源：煤矿安全规程2025.pdf；片段：第二百六十七条-265；得分：0.8706
第二百六十七条 开采容易自燃和自燃煤层时,必须制定防 治采空区(特别是工作面始采线、终采线、进回风巷煤柱线和三角 点)、巷道高冒区、煤柱破坏区自然发火的技术措施. 当井下发现自然发火征兆时,必须停止作业,立即采取有效措 施处理.在发火征兆不能得到有效控制时,必须撤出人员,封闭危 ３ — ０ — １ 险区域.进行封闭施工作业时,无关人员和其他区域所有人员必 须全部撤出.

[3] 来源：煤矿安全规程2025.pdf；片段：第二百三十九条-237；得分：0.8112
第二百三十九条 井巷揭穿突出煤层和在突出煤层中进行采 掘作业时,必须采取避难硐室、反向风门、压风自救装置、隔绝式自 救器、远距离爆破等安全防护措施.

[4] 来源：煤矿安全规程2025.pdf；片段：第二百五十八条-256；得分：0.8073
第二百五十八条 进风井口应当装设防火铁门,防火铁门必 须严密并易于关闭,打开时不妨碍提升、运输和人员通行,并定期 维修;如果不设防火铁门,必须有防止烟火进入矿井的安全措施. 罐笼提升立井井口还应当采取以下措施: (一)井口操车系统基础下部的负层空间应当与井筒隔离,并 设置消防设施. (二)操车系统液压管路应当采用金属管或者阻燃高压非金属 管,传动介质使用难燃液,液压站不得安装在封闭空间内. (三)井筒及负层空间的动力电缆、信号电缆和控制电缆应当 采用煤矿用阻燃电缆,并与操车系统液压管路分开布置. (四)操车系统机坑及井口负层空间内应当及时清理漏油,每 天检查清理情况,不得留存杂物和易燃物.","[1] 矿调度室 -> PERFORMED_BY -> 通知救援力量（第二百七十七条；证据：矿调度室在接到井下火灾报告后,应当立即按照灾害预防和处理计划通知有关人员组织抢救灾区人员和实施灭火工作）
[2] 矿井火灾 -> APPLIES_TO -> 控制烟雾蔓延（第七百六十九条；证据：控制烟雾的蔓延,防止火灾扩大）
[3] 上、下山火灾 -> IF -> 防止巷道垮塌（第七百六十九条；证据：防止巷道垮塌造成风流受阻）
[4] 设备故障引发火灾 -> HAS_RISK -> 加强巷道维护（第二百五十三条；条件：巷道变形；证据：防止带式输送机设备因巷道变形、托辊等部件故障引发火灾）
[5] 上、下山火灾 -> HAS_RISK -> 巷道垮塌（第七百六十九条；证据：巷道垮塌造成风流受阻）",0.75,0.6316,0.1376,0.6356,0.5455,0.75
Q03,掘进面连续出现挂红、挂汗和底鼓现象，是否属于突水前兆，应如何处置？,按突水前兆处置，立即停工撤人，报告调度，设警戒，做好排水。,"['水害', '突水前兆', '停止作业', '撤离人员', '上报调度', '设置警戒', '排水']",pure_llm,纯LLM,"风险判断：属于突水前兆，存在突水风险。  
依据：挂红、挂汗和底鼓是地下水活动增强的典型征兆，表明围岩含水压力增大。  
处置动作：立即停止掘进作业，撤出人员，加强水文观测，启动探放水措施。  
责任分工：由矿井防治水部门牵头组织应急处置，掘进队配合撤人，调度室协调指挥。",7.721,,,0.5714,0.5714,0.2051,0.6647,0.5714,0.5714
Q03,掘进面连续出现挂红、挂汗和底鼓现象，是否属于突水前兆，应如何处置？,按突水前兆处置，立即停工撤人，报告调度，设警戒，做好排水。,"['水害', '突水前兆', '停止作业', '撤离人员', '上报调度', '设置警戒', '排水']",vector_rag,纯向量RAG,"风险判断：掘进面出现挂红、挂汗和底鼓现象属于突水前兆，存在透水事故风险。  
依据：根据《煤矿安全规程》第二百九十二条，挂红、挂汗、底板鼓起等均为透水征兆。  
处置动作：立即停止作业，撤出受威胁区域人员，报告矿调度室并发出警报，查明原因前严禁采掘。  
责任分工：现场带班人员负责指挥撤人，调度室组织应急处置，技术部门负责隐患排查与治理。",2.322,"[1] 来源：煤矿安全规程2025.pdf；片段：第二百九十二条-290；得分：0.8178
第二百九十二条 采掘工作面或者其他地点发现有煤层变 湿、挂红、挂汗、空气变冷、出现雾气、水叫、顶板来压、片帮、淋水加 大、底板鼓起或者裂隙渗水、钻孔喷水、煤壁溃水、水色发浑、有臭 味等透水征兆时,应当立即停止作业,撤出所有受水患威胁地点的 人员,报告矿调度室,并发出警报.在原因未查清、隐患未排除之 前,不得进行任何采掘活动. 第二节 地面防治水

[2] 来源：煤矿安全规程2025.pdf；片段：第六百五十条-641；得分：0.7115
第六百五十条 地层含水影响采矿工程正常进行时,应当进 行疏干,疏干工程应当超前于采矿工程. 因疏干地层含水地面出现裂缝、塌陷时,应当圈定范围加以防 护、设置警示标志,并采取安全措施;(半)地下疏干泵房应当设通 风装置.

[3] 来源：煤矿安全规程2025.pdf；片段：第七百零六条-696；得分：0.7093
第七百零六条 井工煤矿掘进井巷和硐室时,必须采取湿式 ２ — ７ — ２ 钻眼、冲洗井壁巷帮、水炮泥、爆破喷雾、装岩(煤)洒水和净化风流 等综合防尘措施.

[4] 来源：煤矿安全规程2025.pdf；片段：第七百零八条-698；得分：0.7089
第七百零八条 井工煤矿在煤、岩层中钻孔作业时,应当采取 湿式降尘等措施. 在冻结 法 凿 井 和 在 遇 水 膨 胀 的 岩 层 中 不 能 采 用 湿 式 钻 眼 (孔)、突出煤层或者松软煤层中施工瓦斯抽采钻孔难以采取湿式 钻孔作业时,可以采取干式钻孔(眼),并采取除尘器除尘等措施.",,0.7143,0.6667,0.2105,0.612,0.625,0.7143
Q03,掘进面连续出现挂红、挂汗和底鼓现象，是否属于突水前兆，应如何处置？,按突水前兆处置，立即停工撤人，报告调度，设警戒，做好排水。,"['水害', '突水前兆', '停止作业', '撤离人员', '上报调度', '设置警戒', '排水']",hybrid_graph,混合图检索策略,"风险判断：掘进面挂红、挂汗和底鼓属于突水前兆，存在透水风险。  
依据：规程第二百九十二条明确将挂红、挂汗、底板鼓起列为透水征兆，知识图谱显示透水征兆可触发水害。  
处置动作：立即停止作业，撤出受威胁人员，报告调度室并发出警报，查明原因前不得恢复作业。  
责任分工：现场带班人员负责撤人警戒，矿调度室组织应急处置，地测部门负责水情分析。",1.828,"[1] 来源：煤矿安全规程2025.pdf；片段：第二百九十二条-290；得分：0.8178
第二百九十二条 采掘工作面或者其他地点发现有煤层变 湿、挂红、挂汗、空气变冷、出现雾气、水叫、顶板来压、片帮、淋水加 大、底板鼓起或者裂隙渗水、钻孔喷水、煤壁溃水、水色发浑、有臭 味等透水征兆时,应当立即停止作业,撤出所有受水患威胁地点的 人员,报告矿调度室,并发出警报.在原因未查清、隐患未排除之 前,不得进行任何采掘活动. 第二节 地面防治水

[2] 来源：煤矿安全规程2025.pdf；片段：第六百五十条-641；得分：0.7115
第六百五十条 地层含水影响采矿工程正常进行时,应当进 行疏干,疏干工程应当超前于采矿工程. 因疏干地层含水地面出现裂缝、塌陷时,应当圈定范围加以防 护、设置警示标志,并采取安全措施;(半)地下疏干泵房应当设通 风装置.

[3] 来源：煤矿安全规程2025.pdf；片段：第七百零六条-696；得分：0.7093
第七百零六条 井工煤矿掘进井巷和硐室时,必须采取湿式 ２ — ７ — ２ 钻眼、冲洗井壁巷帮、水炮泥、爆破喷雾、装岩(煤)洒水和净化风流 等综合防尘措施.

[4] 来源：煤矿安全规程2025.pdf；片段：第七百零八条-698；得分：0.7089
第七百零八条 井工煤矿在煤、岩层中钻孔作业时,应当采取 湿式降尘等措施. 在冻结 法 凿 井 和 在 遇 水 膨 胀 的 岩 层 中 不 能 采 用 湿 式 钻 眼 (孔)、突出煤层或者松软煤层中施工瓦斯抽采钻孔难以采取湿式 钻孔作业时,可以采取干式钻孔(眼),并采取除尘器除尘等措施.","[1] 透水征兆 -> IF -> 水害（第二百九十二条；证据：采掘工作面或者其他地点发现有煤层变湿、挂红、挂汗、空气变冷、出现雾气、水叫、顶板来压、片帮、淋水加大、底板鼓起或者裂隙渗水、钻孔喷水、煤壁溃水、水色发浑、有臭味等透水征兆时）
[2] 进行地下水动态观测分析 -> HAS_RISK -> 滞后突水（第三百一十四条；条件：未进行综合观测分析；证据：防止滞后突水）
[3] 突水风险 -> APPLIES_TO -> 编制探放水设计（第三百一十四条；条件：井巷揭穿含水层或地质构造带；证据：井巷揭穿含水层或者地质构造带等可能突水地段前,必须编制探放水设计）
[4] 突水风险 -> HAS_RISK -> 顶钻（第三百二十六条；证据：发现...顶钻等突(透)水征兆）
[5] 突水风险 -> HAS_RISK -> 来压（第三百二十六条；证据：发现...来压...等突(透)水征兆）",0.8571,0.8,0.2316,0.7345,0.75,0.8571
Q04,井下2名作业人员失联且对讲机无响应，搜救行动应如何分组并保证救援队安全？,立即核对人数并上报调度，分组搜救，保持通信，设警戒并安排安全监护。,"['人员失联', '核对人数', '上报调度', '组织救援', '保持通信', '设置警戒', '安全员']",pure_llm,纯LLM,"风险判断：失联区域可能存在瓦斯积聚、冒顶或有害气体超标等高风险。  
依据：井下环境复杂，失联人员可能被困于通风不良或结构不稳定区域。  
处置动作：立即启动应急预案，组建3人以上搜救小组，每组配备便携式气体检测仪、自救器、照明及通讯设备，沿预设安全路线分区域搜索。  
责任分工：救援队长统一指挥，安全员实时监测气体与顶板状况，搜救组执行搜索并定时汇报，后勤组保障物资与外部联络，确保救援全程受控。",1.883,,,0.4286,0.4,0.1339,0.6575,0.375,0.4286
Q04,井下2名作业人员失联且对讲机无响应，搜救行动应如何分组并保证救援队安全？,立即核对人数并上报调度，分组搜救，保持通信，设警戒并安排安全监护。,"['人员失联', '核对人数', '上报调度', '组织救援', '保持通信', '设置警戒', '安全员']",vector_rag,纯向量RAG,"风险判断：失联区域可能存在有毒有害气体、冒顶或通风中断，救援队面临窒息、中毒及二次事故风险。  
依据：规程第七百六十六条要求救援小队不少于6人，严禁单独行动，且必须检查氧气呼吸器压力不低于18MPa。  
处置动作：立即组建不少于6人的救护小队，分组时确保每组人员可视可听，携带气体检测仪，沿避灾路线搜索并实时监测环境。  
责任分工：带队指挥员负责决策与联络，急救员监测队员状态，待机小队在井下基地待命，确保氧气余量不低于5MPa时撤离。",62.454,"[1] 来源：煤矿安全规程2025.pdf；片段：第七百六十四条-753；得分：0.8281
第七百六十四条 矿山救护队在救援过程中遇到突发情况、 危及救援人员生命安全时,带队指挥员有权作出撤出危险区域的 决定,并及时报告井下基地及救援指挥部. 第六章 灾变处理

[2] 来源：煤矿安全规程2025.pdf；片段：第七百三十六条-725；得分：0.7889
第七百三十六条 煤矿作业人员必须熟悉应急救援预案和避 灾路线,具有自救互救和安全避险知识.井下作业人员必须熟练 掌握自救器和紧急避险设施的使用方法. 班组长应当具备兼职救护队员的知识和能力,能够在发生险 情后第一时间组织作业人员自救互救和安全避险. 外来人员必须经过安全和应急基本知识培训,掌握自救器使 用方法,并签字确认后方可入井.

[3] 来源：煤矿安全规程2025.pdf；片段：第七百六十六条-755；得分：0.7871
第七百六十六条 进入灾区的救护小队,应急救援人员不得 少于６人,必须保持在彼此能看到或者听到信号的范围内行动,任 何情况下严禁任何应急救援人员单独行动.所有应急救援人员进 入前必须检查氧气呼吸器,氧气压力不得低于１８MPa;使用过程 中应当注意观察氧气呼吸器的氧气压力,在返回到井下基地时应 当至少保留５MPa压力的氧气余量.发现有应急救援人员身体不 适或者氧气呼吸器发生故障难以排除时,全小队必须立即撤出. 应急 救 援 人 员 在 灾 区 工 作 １ 个 呼 吸 器 班 后,应 当 至 少 休 息８h.

[4] 来源：煤矿安全规程2025.pdf；片段：第七百六十三条-752；得分：0.7857
第七百六十三条 在重特大事故或者复杂事故救援现场,应 当设立地面基地和井下基地,安排矿山救护队指挥员、待机小队和 急救员值班,设置通往救援指挥部和灾区的电话,配备必要的救护 装备和器材. 地面基地应当设置在靠近井口的安全地点,配备气体分析化 验设备等相关装备. 井下基地应当设置在靠近灾区的安全地点,设专人看守电话 ５ — ８ — ２ 并做好记录,保持与救援指挥部、灾区工作救护小队的联络.指派 专人检测风流、有害气体浓度及巷道支护等情况.",,0.2857,0.25,0.0898,0.5653,0.2222,0.2857
Q04,井下2名作业人员失联且对讲机无响应，搜救行动应如何分组并保证救援队安全？,立即核对人数并上报调度，分组搜救，保持通信，设警戒并安排安全监护。,"['人员失联', '核对人数', '上报调度', '组织救援', '保持通信', '设置警戒', '安全员']",hybrid_graph,混合图检索策略,"风险判断：失联区域可能存在瓦斯积聚、冒顶或有害气体超标，威胁救援人员安全。  
依据：规程第七百六十六条要求救援小队不少于6人，严禁单独行动，且须保持通信联络。  
处置动作：搜救行动应分组为至少6人小队，携带完好氧气呼吸器（压力≥18MPa）和应急通信设备，保持可视或可听联络。  
责任分工：矿山救护队指挥员负责现场决策与撤离指挥，井下基地值班员负责联络协调与气体监测。",2.468,"[1] 来源：煤矿安全规程2025.pdf；片段：第七百六十四条-753；得分：0.8281
第七百六十四条 矿山救护队在救援过程中遇到突发情况、 危及救援人员生命安全时,带队指挥员有权作出撤出危险区域的 决定,并及时报告井下基地及救援指挥部. 第六章 灾变处理

[2] 来源：煤矿安全规程2025.pdf；片段：第七百三十六条-725；得分：0.7889
第七百三十六条 煤矿作业人员必须熟悉应急救援预案和避 灾路线,具有自救互救和安全避险知识.井下作业人员必须熟练 掌握自救器和紧急避险设施的使用方法. 班组长应当具备兼职救护队员的知识和能力,能够在发生险 情后第一时间组织作业人员自救互救和安全避险. 外来人员必须经过安全和应急基本知识培训,掌握自救器使 用方法,并签字确认后方可入井.

[3] 来源：煤矿安全规程2025.pdf；片段：第七百六十六条-755；得分：0.7871
第七百六十六条 进入灾区的救护小队,应急救援人员不得 少于６人,必须保持在彼此能看到或者听到信号的范围内行动,任 何情况下严禁任何应急救援人员单独行动.所有应急救援人员进 入前必须检查氧气呼吸器,氧气压力不得低于１８MPa;使用过程 中应当注意观察氧气呼吸器的氧气压力,在返回到井下基地时应 当至少保留５MPa压力的氧气余量.发现有应急救援人员身体不 适或者氧气呼吸器发生故障难以排除时,全小队必须立即撤出. 应急 救 援 人 员 在 灾 区 工 作 １ 个 呼 吸 器 班 后,应 当 至 少 休 息８h.

[4] 来源：煤矿安全规程2025.pdf；片段：第七百六十三条-752；得分：0.7857
第七百六十三条 在重特大事故或者复杂事故救援现场,应 当设立地面基地和井下基地,安排矿山救护队指挥员、待机小队和 急救员值班,设置通往救援指挥部和灾区的电话,配备必要的救护 装备和器材. 地面基地应当设置在靠近井口的安全地点,配备气体分析化 验设备等相关装备. 井下基地应当设置在靠近灾区的安全地点,设专人看守电话 ５ — ８ — ２ 并做好记录,保持与救援指挥部、灾区工作救护小队的联络.指派 专人检测风流、有害气体浓度及巷道支护等情况.","[1] 储备必要的应急救援装备及物资 -> REQUIRES -> 应急通信装备（第七百五十八条；证据：重点加强应急通信装备的储备）
[2] 专职救护队 -> REQUIRES -> 通信设备（第七百五十六条；证据：专职救护队应当配备通信装备）
[3] 兼职救护队 -> REQUIRES -> 通信设备（第七百五十六条；证据：兼职救护队应当配备通信装备）
[4] 煤矿作业人员 -> REQUIRES -> 熟悉应急救援预案和避灾路线（第七百三十六条；证据：煤矿作业人员必须熟悉应急救援预案和避灾路线）
[5] 小队长 -> PERFORMED_BY -> 组织作业人员自救互救和安全避险（第七百三十六条；条件：after_incident；证据：班组长应当具备兼职救护队员的知识和能力,能够在发生险情后第一时间组织作业人员自救互救和安全避险）",0.4286,0.375,0.1043,0.5784,0.3333,0.4286
Q05,瓦斯超限同时出现烟雾和停电迹象，系统应如何整合规程、图谱关系和历史信息给出处置建议？,按瓦斯与火灾叠加风险处置，停工断电撤人，加强通风复测，并组织多部门联动。,"['瓦斯超限', '火灾', '复合风险', '停止作业', '切断电源', '撤离人员', '加强通风', '复测', '协同联动']",pure_llm,纯LLM,"风险判断：瓦斯超限伴随烟雾和停电，存在瓦斯爆炸或火灾重大风险，需立即响应。  
依据：瓦斯浓度超限易引发爆炸，烟雾提示潜在火源，停电可能加剧通风失效，三者叠加风险极高。  
处置动作：立即启动应急预案，切断电源，撤出人员，启用备用通风，封闭危险区域，并实时监测瓦斯与烟雾变化。  
责任分工：矿长指挥，通风部门控风，安全员监测，电工排查供电，救护队待命，确保信息同步与协同处置。",2.134,,,0.8889,0.6957,0.213,0.7226,0.5714,0.8889
Q05,瓦斯超限同时出现烟雾和停电迹象，系统应如何整合规程、图谱关系和历史信息给出处置建议？,按瓦斯与火灾叠加风险处置，停工断电撤人，加强通风复测，并组织多部门联动。,"['瓦斯超限', '火灾', '复合风险', '停止作业', '切断电源', '撤离人员', '加强通风', '复测', '协同联动']",vector_rag,纯向量RAG,"风险判断：瓦斯超限伴随烟雾和停电，存在瓦斯爆炸、火灾及窒息多重高风险。  
依据：规程第770条要求立即切断电源并检测有害气体，第205条强调瓦斯抽采中需监测CO与温度以防自燃。  
处置动作：立即断电、撤出人员，启动应急通风，利用图谱定位火源与瓦斯积聚区，结合历史瓦斯数据评估爆炸风险。  
责任分工：矿长指挥应急响应，通风部门检测气体与恢复通风，救护队进入侦查，技术组分析历史数据辅助决策。",1.74,"[1] 来源：煤矿安全规程2025.pdf；片段：第二百零五条-204；得分：0.8718
第二百零五条 抽采瓦斯必须遵守下列规定: (一)抽采容易自燃和自燃煤层的采空区瓦斯时,抽采管路应 当安设一氧化碳、甲烷、温度传感器,实现实时监测监控.发现有 自然发火预兆时,应当立即采取措施. (二)井上下敷设的瓦斯管路,不得与非本质安全型带电物体 接触,并应当有防止砸坏管路的措施. (三)采用干式抽采瓦斯设备时,必须具有自动监控瓦斯浓度 功能的装置,进入抽采泵的瓦斯浓度必须高于２５％或者低于２％、 煤尘浓度不得高于１g/m ３,否则不得使用干式抽采.采用干式抽 采必须由煤矿企业技术负责人审批. (四)在抽采泵出气侧管路及利用瓦斯的系统中必须装设有防 回火、防回流和防爆炸作用的安全装置. (五)瓦斯利用应当按照国家相关规定执行. 第二节 煤尘爆炸防治

[2] 来源：煤矿安全规程2025.pdf；片段：第七百七十条-759；得分：0.8468
第七百七十条 处理瓦斯(煤尘)爆炸事故时,应当遵守下列 规定: (一)立即切断灾区电源. (二)检查灾区内有害气体的浓度、温度及通风设施破坏情况, 发现有再次爆炸危险时,必须立即撤离至安全地点. (三)进入灾区行动要谨慎,防止碰撞产生火花,引起爆炸. (四)经探察确认或者分析认定人员已经遇难,并且没有火源 时,必须先恢复灾区通风,再进行处理.

[3] 来源：煤矿安全规程2025.pdf；片段：第一百八十九条-189；得分：0.8447
第一百八十九条 每２年必须对低瓦斯矿井进行瓦斯等级和 二氧化碳涌出量的鉴定工作,鉴定结果报省级煤矿安全监管部门、 煤炭行业管理部门和驻地矿山安全监察机构.上报时应当包括开 采煤层最短自然发火期和自燃倾向性、煤尘爆炸性的鉴定结果. 高瓦斯、突出矿井不再进行周期性瓦斯等级鉴定工作,但应当每年 测定和计算矿井、采区、工作面瓦斯和二氧化碳涌出量,并报省级 煤矿安全监管部门、煤炭行业管理部门和驻地矿山安全监察机构. 高瓦斯 矿 井 应 当 测 定 已 开 拓 各 采 (盘)区 开 采 煤 层 及 厚 度 ０．３m以上的邻近煤层(距开采煤层上方８倍煤厚的煤层和下方 ２０m 的煤层)的瓦斯基本参数,包括瓦斯含量、瓦斯压力、瓦斯吸 附常数、瓦斯放散初速度、煤的坚固性系数,以及开采煤层的抽采 半径等. 新建矿井设计文件中,应当有厚度０．３m 以上煤层的瓦斯含 量资料.

[4] 来源：煤矿安全规程2025.pdf；片段：第一百九十五条-194；得分：0.8386
第一百九十五条 修复旧井巷时,必须首先检查瓦斯.当瓦 斯积聚时,必须按照规定排放,只有在回风流中甲烷浓度不超过 １．０％、二氧化碳浓度不超过１．５％、空气成分符合本规程第一百 五十六条的要求时,才能作业.",,0.6667,0.6316,0.1696,0.7091,0.6,0.6667
Q05,瓦斯超限同时出现烟雾和停电迹象，系统应如何整合规程、图谱关系和历史信息给出处置建议？,按瓦斯与火灾叠加风险处置，停工断电撤人，加强通风复测，并组织多部门联动。,"['瓦斯超限', '火灾', '复合风险', '停止作业', '切断电源', '撤离人员', '加强通风', '复测', '协同联动']",hybrid_graph,混合图检索策略,"风险判断：瓦斯超限伴随烟雾和停电，存在瓦斯爆炸与火灾复合风险。  
依据：规程第七百七十条要求切断电源防爆炸，第二百零五条强调瓦斯抽采监测防自燃，图谱显示瓦斯超限需停电撤人。  
处置动作：立即切断电源，停止作业，撤出人员，启动瓦斯抽采并监测CO、温度，排查火源。  
责任分工：矿长指挥应急响应，通风部门监测气体，机电部门保障断电，救护队现场处置。",2.124,"[1] 来源：煤矿安全规程2025.pdf；片段：第二百零五条-204；得分：0.8718
第二百零五条 抽采瓦斯必须遵守下列规定: (一)抽采容易自燃和自燃煤层的采空区瓦斯时,抽采管路应 当安设一氧化碳、甲烷、温度传感器,实现实时监测监控.发现有 自然发火预兆时,应当立即采取措施. (二)井上下敷设的瓦斯管路,不得与非本质安全型带电物体 接触,并应当有防止砸坏管路的措施. (三)采用干式抽采瓦斯设备时,必须具有自动监控瓦斯浓度 功能的装置,进入抽采泵的瓦斯浓度必须高于２５％或者低于２％、 煤尘浓度不得高于１g/m ３,否则不得使用干式抽采.采用干式抽 采必须由煤矿企业技术负责人审批. (四)在抽采泵出气侧管路及利用瓦斯的系统中必须装设有防 回火、防回流和防爆炸作用的安全装置. (五)瓦斯利用应当按照国家相关规定执行. 第二节 煤尘爆炸防治

[2] 来源：煤矿安全规程2025.pdf；片段：第七百七十条-759；得分：0.8468
第七百七十条 处理瓦斯(煤尘)爆炸事故时,应当遵守下列 规定: (一)立即切断灾区电源. (二)检查灾区内有害气体的浓度、温度及通风设施破坏情况, 发现有再次爆炸危险时,必须立即撤离至安全地点. (三)进入灾区行动要谨慎,防止碰撞产生火花,引起爆炸. (四)经探察确认或者分析认定人员已经遇难,并且没有火源 时,必须先恢复灾区通风,再进行处理.

[3] 来源：煤矿安全规程2025.pdf；片段：第一百八十九条-189；得分：0.8447
第一百八十九条 每２年必须对低瓦斯矿井进行瓦斯等级和 二氧化碳涌出量的鉴定工作,鉴定结果报省级煤矿安全监管部门、 煤炭行业管理部门和驻地矿山安全监察机构.上报时应当包括开 采煤层最短自然发火期和自燃倾向性、煤尘爆炸性的鉴定结果. 高瓦斯、突出矿井不再进行周期性瓦斯等级鉴定工作,但应当每年 测定和计算矿井、采区、工作面瓦斯和二氧化碳涌出量,并报省级 煤矿安全监管部门、煤炭行业管理部门和驻地矿山安全监察机构. 高瓦斯 矿 井 应 当 测 定 已 开 拓 各 采 (盘)区 开 采 煤 层 及 厚 度 ０．３m以上的邻近煤层(距开采煤层上方８倍煤厚的煤层和下方 ２０m 的煤层)的瓦斯基本参数,包括瓦斯含量、瓦斯压力、瓦斯吸 附常数、瓦斯放散初速度、煤的坚固性系数,以及开采煤层的抽采 半径等. 新建矿井设计文件中,应当有厚度０．３m 以上煤层的瓦斯含 量资料.

[4] 来源：煤矿安全规程2025.pdf；片段：第一百九十五条-194；得分：0.8386
第一百九十五条 修复旧井巷时,必须首先检查瓦斯.当瓦 斯积聚时,必须按照规定排放,只有在回风流中甲烷浓度不超过 １．０％、二氧化碳浓度不超过１．５％、空气成分符合本规程第一百 五十六条的要求时,才能作业.","[1] 第一百九十六条 -> CONTAINS -> 瓦斯超限（第一百九十六条；证据：当瓦斯超限达到断电浓度时）
[2] 瓦斯超限 -> APPLIES_TO -> 停电撤人（第一百九十六条；条件：瓦斯浓度达到断电浓度；证据：停电撤人）
[3] 瓦斯超限 -> APPLIES_TO -> 停机闭锁（第一百九十六条；条件：瓦斯浓度达到断电浓度；证据：有权责令现场作业人员停止作业）
[4] 将瓦斯送至永久抽采系统管路 -> IF -> 矿井抽采系统瓦斯浓度符合规程第二百零五条（第二百零四条；证据：在建有地面永久抽采系统的矿井,临时泵站抽出的瓦斯可以送至永久抽采系统的管路,但矿井抽采系统的瓦斯浓度必须符合本规程第二百零五条的规定）
[5] 高瓦斯矿井 -> IF -> 监控数据接入安全监控系统（第五百三十九条；证据：高瓦斯、突出矿井采煤机机载断电仪的甲烷浓度以及采煤机开停等监控数据应当接入安全监控系统）",0.8889,0.7273,0.2079,0.748,0.6154,0.8889
Q06,泵房水位持续上升并伴随排水能力下降，调度室应如何组织处置？,按水害风险处置，立即上报调度，检查并加强排水，设警戒，必要时撤人复查。,"['水害', '水位异常', '上报调度', '排水', '设置警戒', '撤离人员', '复查']",pure_llm,纯LLM,"风险判断：泵房水位持续上升且排水能力下降，存在淹井或设备损坏重大风险。  
依据：排水系统异常可能由水泵故障、管路堵塞或供电问题导致，需立即排查。  
处置动作：调度室立即通知井下撤人，启动应急预案，组织机电、排水人员现场抢修，启用备用泵或临时排水设备。  
责任分工：调度室统一指挥，机电部门负责设备检修，排水队执行排水作业，安全员监督撤人及现场安全。",1.166,,,0.7143,0.6667,0.1675,0.7772,0.625,0.7143
Q06,泵房水位持续上升并伴随排水能力下降，调度室应如何组织处置？,按水害风险处置，立即上报调度，检查并加强排水，设警戒，必要时撤人复查。,"['水害', '水位异常', '上报调度', '排水', '设置警戒', '撤离人员', '复查']",vector_rag,纯向量RAG,"风险判断：泵房水位持续上升且排水能力下降，存在淹井或设备损坏重大风险。  
依据：规程第三百一十五条要求备用水泵能力不小于工作水泵70%，且总排水能力需满足最大涌水量20小时排出。  
处置动作：调度室立即启动应急预案，切换备用水泵及备用管路，启用备用电源，并通知检修人员排查故障。  
责任分工：调度室负责指挥协调，机电部门负责设备切换与抢修，安全部门监督措施落实，确保排水系统恢复。",1.819,"[1] 来源：煤矿安全规程2025.pdf；片段：第六百四十九条-640；得分：0.9016
第六百四十九条 用露天采场深部作储水池排水时,必须采 取安全措施,备用水泵的能力不得小于工作水泵能力的５０％.

[2] 来源：煤矿安全规程2025.pdf；片段：第三百一十五条-313；得分：0.8765
第三百一十五条 矿井应当配备与矿井涌水量相匹配的水 泵、排水管路、配电设备和水仓等,并满足矿井排水的需要.除正 在检修的水泵外,应当有工作水泵和备用水泵.工作水泵的能力, 应当能在２０h内排出矿井２４h的正常涌水量(包括充填水及其他 用水).备用水泵的能力,应当不小于工作水泵能力的７０％.检 修水泵的能力,应当不小于工作水泵能力的２５％.工作和备用水 泵的总能力,应当能在２０h内排出矿井２４h的最大涌水量. 排水管路应当有工作管路和备用管路.工作管路的能力,应 当满足工作水泵在２０h内排出矿井２４h的正常涌水量.工作和备 用管路的总能力,应当满足工作和备用水泵在 ２０h 内排出矿井 ２４h的最大涌水量. 配电设备的能力应当与工作、备用和检修水泵的总能力相匹 配,能够保证全部水泵同时运转.

[3] 来源：煤矿安全规程2025.pdf；片段：第一百零五条-106；得分：0.8686
第一百零五条 井筒开凿到底后,应当先施工永久排水系统, 并在进入采区施工前完成.永久排水系统完成前,在井底附近必 ４ — — ３ 须设置临时排水系统,并符合下列要求: (一)当预计涌水量不大于５０m ３/h时,临时水仓容积应当大 于４h正常涌水量;当预计涌水量大于５０m ３/h时,临时水仓容积 应当大于８h正常涌水量.临时水仓应当定期清理. (二)井下工作水泵的排水能力应当能在２０h内排出２４h正常 涌水 量,井 下 备 用 水 泵 排 水 能 力 不 小 于 工 作 水 泵 排 水 能 力 的７０％. (三)临时排水管的型号应当与排水能力相匹配. (四)临 时 水 泵 及 配 电 设 备 基 础 应 当 比 巷 道 底 板 至 少 高 ３００mm,泵房断面应当满足设备布置需要. 第一 百 零 六 条 立 井 凿 井 期 间 的 局 部 通 风 应 当 遵 守 下 列 规定: (一)局部通风机的安装位置距井口不得小于２０m,且位于井 口主导风向上风侧. (二)局部通风机的安装和使用必须满足本规程第一百八十三 条的要求. (三)立井施工应当在井口预留专用回风口,以确保风流畅通, 回风口的大小及安全防护措施应当在作业规程中明确.

[4] 来源：煤矿安全规程2025.pdf；片段：第六百五十五条-646；得分：0.855
第六百五十五条 采场内的主排水泵站必须设置备用电源, 当供电线路发生故障时,备用电源必须能担负最大排水负荷.",,0.7143,0.625,0.137,0.6924,0.5556,0.7143
Q06,泵房水位持续上升并伴随排水能力下降，调度室应如何组织处置？,按水害风险处置，立即上报调度，检查并加强排水，设警戒，必要时撤人复查。,"['水害', '水位异常', '上报调度', '排水', '设置警戒', '撤离人员', '复查']",hybrid_graph,混合图检索策略,"风险判断：泵房水位持续上升且排水能力下降，存在淹井或设备损坏重大风险。  
依据：规程第三百一十五条要求备用水泵能力不低于工作泵的70%，第六百五十五条明确主排水泵站须设备用电源。  
处置动作：调度室立即启动应急预案，切换备用水泵及备用电源，并通知井下撤人。  
责任分工：调度室负责指挥协调，机电部门负责设备切换，安监部门监督撤人，排水系统维护单位排查故障。",2.162,"[1] 来源：煤矿安全规程2025.pdf；片段：第六百四十九条-640；得分：0.9016
第六百四十九条 用露天采场深部作储水池排水时,必须采 取安全措施,备用水泵的能力不得小于工作水泵能力的５０％.

[2] 来源：煤矿安全规程2025.pdf；片段：第三百一十五条-313；得分：0.8765
第三百一十五条 矿井应当配备与矿井涌水量相匹配的水 泵、排水管路、配电设备和水仓等,并满足矿井排水的需要.除正 在检修的水泵外,应当有工作水泵和备用水泵.工作水泵的能力, 应当能在２０h内排出矿井２４h的正常涌水量(包括充填水及其他 用水).备用水泵的能力,应当不小于工作水泵能力的７０％.检 修水泵的能力,应当不小于工作水泵能力的２５％.工作和备用水 泵的总能力,应当能在２０h内排出矿井２４h的最大涌水量. 排水管路应当有工作管路和备用管路.工作管路的能力,应 当满足工作水泵在２０h内排出矿井２４h的正常涌水量.工作和备 用管路的总能力,应当满足工作和备用水泵在 ２０h 内排出矿井 ２４h的最大涌水量. 配电设备的能力应当与工作、备用和检修水泵的总能力相匹 配,能够保证全部水泵同时运转.

[3] 来源：煤矿安全规程2025.pdf；片段：第一百零五条-106；得分：0.8686
第一百零五条 井筒开凿到底后,应当先施工永久排水系统, 并在进入采区施工前完成.永久排水系统完成前,在井底附近必 ４ — — ３ 须设置临时排水系统,并符合下列要求: (一)当预计涌水量不大于５０m ３/h时,临时水仓容积应当大 于４h正常涌水量;当预计涌水量大于５０m ３/h时,临时水仓容积 应当大于８h正常涌水量.临时水仓应当定期清理. (二)井下工作水泵的排水能力应当能在２０h内排出２４h正常 涌水 量,井 下 备 用 水 泵 排 水 能 力 不 小 于 工 作 水 泵 排 水 能 力 的７０％. (三)临时排水管的型号应当与排水能力相匹配. (四)临 时 水 泵 及 配 电 设 备 基 础 应 当 比 巷 道 底 板 至 少 高 ３００mm,泵房断面应当满足设备布置需要. 第一 百 零 六 条 立 井 凿 井 期 间 的 局 部 通 风 应 当 遵 守 下 列 规定: (一)局部通风机的安装位置距井口不得小于２０m,且位于井 口主导风向上风侧. (二)局部通风机的安装和使用必须满足本规程第一百八十三 条的要求. (三)立井施工应当在井口预留专用回风口,以确保风流畅通, 回风口的大小及安全防护措施应当在作业规程中明确.

[4] 来源：煤矿安全规程2025.pdf；片段：第六百五十五条-646；得分：0.855
第六百五十五条 采场内的主排水泵站必须设置备用电源, 当供电线路发生故障时,备用电源必须能担负最大排水负荷.","[1] 分区建设排水系统 -> REQUIRES -> 疏干泵房（第三百一十九条；条件：排水能力根据分区预测的正常和最大涌水量计算配备；证据：排水能力根据分区预测的正常和最大涌水量计算配备）
[2] 设置摄像仪 -> APPLIES_TO -> 抽采瓦斯泵房、主要通风机房、提升机房、调度室（第五百四十八条；证据：(七)抽采瓦斯泵房、主要通风机房、提升机房、调度室）
[3] 第三百二十九条 -> CONTAINS -> 定时观测排水量、水位和观测孔水位（第三百二十九条；条件：during_drainage；证据：排水过程中,应当定时观测排水量、水位和观测孔水位）
[4] 抽采瓦斯泵房 -> REQUIRES -> 监测预警系统（第二百零三条；证据：泵房必须有直通矿调度室的电话和检测管道瓦斯浓度、流量、压力等参数的仪表或者自动监测系统）
[5] 供电中断 -> APPLIES_TO -> 提供不少于两回路供电（第四百七十四条；条件：井下各水平中央变(配)电所、采(盘)区变(配)电所、主排水泵房、下山开采采区排水泵房；证据：对井下各水平中央变(配)电所和采(盘)区变(配)电所、主排水泵房和下山开采的采区排水泵房供电线路,不得少于两回路）",0.7143,0.6667,0.1546,0.6885,0.625,0.7143
Q07,封闭火区附近监测异常并伴随回风温度升高，应如何安排复查与警戒？,按火区复燃风险处置，限制进入，设警戒，组织复查并持续监测，报告调度。,"['火灾', '高温', '设置警戒', '限制进入', '复查', '持续监测', '上报调度']",pure_llm,纯LLM,"风险判断：存在复燃或瓦斯积聚风险，可能引发火灾或爆炸。  
依据：封闭火区温度升高及监测异常表明内部燃烧未完全熄灭或存在漏风供氧。  
处置动作：立即加强气体浓度与温度监测频次，组织专业队伍进行密闭墙检查与钻孔探查，确认火情状态。  
责任分工：由矿总工程师牵头，通风部门负责监测与数据分析，救护队实施现场探查，安全部门设置警戒并管控人员进出。",1.667,,,0.7143,0.5556,0.1421,0.8045,0.4545,0.7143
Q07,封闭火区附近监测异常并伴随回风温度升高，应如何安排复查与警戒？,按火区复燃风险处置，限制进入，设警戒，组织复查并持续监测，报告调度。,"['火灾', '高温', '设置警戒', '限制进入', '复查', '持续监测', '上报调度']",vector_rag,纯向量RAG,"风险判断：封闭火区附近监测异常且回风温度升高，存在复燃或爆炸风险。  
依据：规程第二百八十四条要求启封火区时需监测回风流中CO、CH₄浓度及温度，发现复燃征兆须立即停风并重新封闭。  
处置动作：立即停止向火区送风，由矿山救护队逐段恢复通风并连续监测气体与温度，确认安全前严禁作业。  
责任分工：矿山救护队负责启封、初期通风及复查；矿调度室组织人员撤离，区队配合执行警戒与监测任务。",1.903,"[1] 来源：煤矿安全规程2025.pdf；片段：第二百八十四条-282；得分：0.9116
第二百八十四条 启封已熄灭的火区前,必须制定安全措施. 启封火区时,应当逐段恢复通风,同时测定回风流中的一氧化 碳、甲烷浓度和风流温度.发现复燃征兆时,必须立即停止向火区 送风,并重新封闭火区. 启封火区和恢复火区初期通风等工作,必须由矿山救护队负 责进行,火区回风风流所经过巷道中的人员必须全部撤出. 在启封火区工作完毕后的３天内,每班必须由矿山救护队检 查通风工作,并测定水温、空气温度和空气成分.只有在确认火区 完全熄灭、通风等情况良好后,方可进行生产工作.

[2] 来源：煤矿安全规程2025.pdf；片段：第二百七十八条-276；得分：0.8243
第二百七十八条 封闭火区时,应当合理确定封闭范围,必须 检测甲烷、氧气、一氧化碳、二氧化碳、乙烯、乙炔、煤尘浓度和风 向、风量的变化,并采取防止瓦斯、煤尘爆炸和人员窒息、中毒的安 全措施. 封闭有爆炸性危险火区时,应当遵守下列规定: (一)优先采用地面钻孔注浆封闭或者井下远距离控制设备封 闭的措施. (二)严禁在火区的采煤工作面进回风巷内封闭,封闭地点应 当选择在距离火区位置较远的巷道. (三)封闭火区前,封闭所需要的设备设施材料提前准备到位, 撤出全部与封闭施工无关的人员. ７ — ０ — １ (四)封闭火区时,首先建造临时密闭,撤出人员,远距离监测 风向、风量、烟雾和气体组分等参数,稳定２４h以上并确认无爆炸 危险后,再施工隔爆墙,最后施工永久密闭. (五)火区封闭后,只有在采取惰化火区等措施,稳定４８h以 上,经评 估 无 爆 炸 危 险 后,方 可 恢 复 井 下 不 受 火 区 影 响 区 域 的 作业. 火区密闭被爆炸破坏的,只有确认不再发生爆炸的前提下才 能远距离探查.经探查确定合理的火区封闭区域,并按照上述规 定进行火区封闭. 第四节 井下火区管理

[3] 来源：煤矿安全规程2025.pdf；片段：第二百七十七条-275；得分：0.8028
第二百七十七条 任何人发现井下火灾时,视火灾性质、灾区 通风和瓦斯情况,尽可能直接灭火或者控制火势,并迅速报告矿调 度室.矿调度室在接到井下火灾报告后,应当立即按照灾害预防 和处理计划通知有关人员组织抢救灾区人员和实施灭火工作. 矿值班调度和在现场的区、队、班组长应当依照灾害预防和处 理计划的规定,将所有可能受火灾威胁区域中的人员撤离,并组织 人员灭火.电气设备着火时,应当首先切断其电源;在切断电源前 灭火,必须使用不导电的灭火器材进行灭火. 抢救人员和灭火过程中,必须指定专人检查甲烷、一氧化碳、 煤尘、其他有害气体浓度和风向、风量的变化,并采取防止瓦斯、煤 尘爆炸和人员中毒的安全措施.

[4] 来源：煤矿安全规程2025.pdf；片段：第五百八十三条-576；得分：0.789
第五百八十三条 在高温区、自然发火区进行爆破作业时,必 须遵守下列规定: (一)采用两种方法测试孔内温度.有明火的炮孔或者孔内温 度在８０℃以上的高温炮孔采取灭火、降温措施. (二)高温孔经降温处理合格后方可装药起爆. (三)高温孔应当采用热感度低的炸药,或者将炸药、雷管作隔 热包装. (四)根据炮孔升温速率确定装药时间和爆破孔数. (五)火区爆破必须制定专项技术措施.",,0.8571,0.6316,0.1651,0.7521,0.5,0.8571
Q07,封闭火区附近监测异常并伴随回风温度升高，应如何安排复查与警戒？,按火区复燃风险处置，限制进入，设警戒，组织复查并持续监测，报告调度。,"['火灾', '高温', '设置警戒', '限制进入', '复查', '持续监测', '上报调度']",hybrid_graph,混合图检索策略,"风险判断：封闭火区附近监测异常且回风温度升高，存在复燃或瓦斯积聚爆炸风险。  
依据：规程第二百八十四条明确启封火区需监测CO、CH₄浓度及风流温度，发现复燃征兆须立即停风并重新封闭。  
处置动作：立即停止送风，由矿山救护队逐段恢复通风并连续监测气体与温度，确认安全前严禁作业。  
责任分工：矿山救护队负责启封与初期通风，安全监测工与瓦斯检查工协同检测气体，调度室组织人员撤离。",1.611,"[1] 来源：煤矿安全规程2025.pdf；片段：第二百八十四条-282；得分：0.9116
第二百八十四条 启封已熄灭的火区前,必须制定安全措施. 启封火区时,应当逐段恢复通风,同时测定回风流中的一氧化 碳、甲烷浓度和风流温度.发现复燃征兆时,必须立即停止向火区 送风,并重新封闭火区. 启封火区和恢复火区初期通风等工作,必须由矿山救护队负 责进行,火区回风风流所经过巷道中的人员必须全部撤出. 在启封火区工作完毕后的３天内,每班必须由矿山救护队检 查通风工作,并测定水温、空气温度和空气成分.只有在确认火区 完全熄灭、通风等情况良好后,方可进行生产工作.

[2] 来源：煤矿安全规程2025.pdf；片段：第二百七十八条-276；得分：0.8243
第二百七十八条 封闭火区时,应当合理确定封闭范围,必须 检测甲烷、氧气、一氧化碳、二氧化碳、乙烯、乙炔、煤尘浓度和风 向、风量的变化,并采取防止瓦斯、煤尘爆炸和人员窒息、中毒的安 全措施. 封闭有爆炸性危险火区时,应当遵守下列规定: (一)优先采用地面钻孔注浆封闭或者井下远距离控制设备封 闭的措施. (二)严禁在火区的采煤工作面进回风巷内封闭,封闭地点应 当选择在距离火区位置较远的巷道. (三)封闭火区前,封闭所需要的设备设施材料提前准备到位, 撤出全部与封闭施工无关的人员. ７ — ０ — １ (四)封闭火区时,首先建造临时密闭,撤出人员,远距离监测 风向、风量、烟雾和气体组分等参数,稳定２４h以上并确认无爆炸 危险后,再施工隔爆墙,最后施工永久密闭. (五)火区封闭后,只有在采取惰化火区等措施,稳定４８h以 上,经评 估 无 爆 炸 危 险 后,方 可 恢 复 井 下 不 受 火 区 影 响 区 域 的 作业. 火区密闭被爆炸破坏的,只有确认不再发生爆炸的前提下才 能远距离探查.经探查确定合理的火区封闭区域,并按照上述规 定进行火区封闭. 第四节 井下火区管理

[3] 来源：煤矿安全规程2025.pdf；片段：第二百七十七条-275；得分：0.8028
第二百七十七条 任何人发现井下火灾时,视火灾性质、灾区 通风和瓦斯情况,尽可能直接灭火或者控制火势,并迅速报告矿调 度室.矿调度室在接到井下火灾报告后,应当立即按照灾害预防 和处理计划通知有关人员组织抢救灾区人员和实施灭火工作. 矿值班调度和在现场的区、队、班组长应当依照灾害预防和处 理计划的规定,将所有可能受火灾威胁区域中的人员撤离,并组织 人员灭火.电气设备着火时,应当首先切断其电源;在切断电源前 灭火,必须使用不导电的灭火器材进行灭火. 抢救人员和灭火过程中,必须指定专人检查甲烷、一氧化碳、 煤尘、其他有害气体浓度和风向、风量的变化,并采取防止瓦斯、煤 尘爆炸和人员中毒的安全措施.

[4] 来源：煤矿安全规程2025.pdf；片段：第五百八十三条-576；得分：0.789
第五百八十三条 在高温区、自然发火区进行爆破作业时,必 须遵守下列规定: (一)采用两种方法测试孔内温度.有明火的炮孔或者孔内温 度在８０℃以上的高温炮孔采取灭火、降温措施. (二)高温孔经降温处理合格后方可装药起爆. (三)高温孔应当采用热感度低的炸药,或者将炸药、雷管作隔 热包装. (四)根据炮孔升温速率确定装药时间和爆破孔数. (五)火区爆破必须制定专项技术措施.","[1] 使用便携式检测仪与甲烷传感器对照 -> PERFORMED_BY -> 井下安全监测工（第五百三十二条；证据：井下安全监测工或者瓦斯检查工使用便携式光学甲烷检测仪或者便携式甲烷检测报警仪与甲烷传感器进行对照）
[2] 使用便携式检测仪与甲烷传感器对照 -> PERFORMED_BY -> 瓦斯检查工（第五百三十二条；证据：井下安全监测工或者瓦斯检查工使用便携式光学甲烷检测仪或者便携式甲烷检测报警仪与甲烷传感器进行对照）
[3] 第五百三十二条 -> CONTAINS -> 使用便携式检测仪与甲烷传感器对照（第五百三十二条；证据：井下安全监测工或者瓦斯检查工使用便携式光学甲烷检测仪或者便携式甲烷检测报警仪与甲烷传感器进行对照）
[4] 布设GNSS监测线 -> REQUIRES -> 全球导航卫星系统（第六百三十九条；条件：每隔200~400m布设1条监测线，不少于3条，每线不少于3个监测点；证据：每隔２００~４００m 布设１条监测线,但不得少于３条监测线,每条监测线上监测点不得少于３个）
[5] 煤层自然发火 -> APPLIES_TO -> 建立边坡监测预警系统（第二百六十三条；证据：建立自然发火监测系统）",0.7143,0.5263,0.1667,0.7572,0.4167,0.7143
Q08,事故扩大需要调度室、通防、机电和救护队同时联动，统一口径应包含哪些内容？,统一口径应包含事故类型、风险等级、撤离情况、规程依据、责任分工、通信要求和升级条件。,"['事故扩大', '风险等级', '撤离人员', '规程依据', '责任分工', '保持通信', '协同联动', '升级上报']",pure_llm,纯LLM,"风险判断：事故扩大可能引发次生灾害，需多部门协同控制。  
依据：事故发展迅速，单一部门无法独立应对，必须联动响应。  
处置动作：调度室统一指挥，通防负责气体监测与通风调整，机电保障供电与设备安全，救护队实施救援与人员撤离。  
责任分工：调度室协调全局，通防、机电、救护队按指令执行专业任务，确保信息同步、行动一致。",1.481,,,0.625,0.5556,0.1244,0.765,0.5,0.625
Q08,事故扩大需要调度室、通防、机电和救护队同时联动，统一口径应包含哪些内容？,统一口径应包含事故类型、风险等级、撤离情况、规程依据、责任分工、通信要求和升级条件。,"['事故扩大', '风险等级', '撤离人员', '规程依据', '责任分工', '保持通信', '协同联动', '升级上报']",vector_rag,纯向量RAG,"风险判断：事故扩大需多部门联动，信息不统一易导致救援混乱或二次事故。  
依据：规程第七百六十三条明确救援现场需设立地面与井下基地，保持联络并统一指挥。  
处置动作：统一口径应包含灾情现状、救援方案、人员分布、通风与气体数据、装备调配及联络方式。  
责任分工：调度室负责信息汇总与指令下达，通防提供气体与通风数据，机电保障设备运行，救护队执行救援并反馈现场情况。",2.011,"[1] 来源：煤矿安全规程2025.pdf；片段：第七百五十六条-745；得分：0.8585
第七百五十六条 专职救护队应当配备救援车辆及通信、灭 火、排水、探察、气体分析、个体防护等救援装备,建有实操、虚拟等 演习训练设施. 兼职救护队应当配备通信、气体检测、灭火、个体防护等救援 装备,设置训练设施.

[2] 来源：煤矿安全规程2025.pdf；片段：第七百六十三条-752；得分：0.8418
第七百六十三条 在重特大事故或者复杂事故救援现场,应 当设立地面基地和井下基地,安排矿山救护队指挥员、待机小队和 急救员值班,设置通往救援指挥部和灾区的电话,配备必要的救护 装备和器材. 地面基地应当设置在靠近井口的安全地点,配备气体分析化 验设备等相关装备. 井下基地应当设置在靠近灾区的安全地点,设专人看守电话 ５ — ８ — ２ 并做好记录,保持与救援指挥部、灾区工作救护小队的联络.指派 专人检测风流、有害气体浓度及巷道支护等情况.

[3] 来源：煤矿安全规程2025.pdf；片段：第七百六十五条-754；得分：0.8314
第七百六十五条 处理灾变事故时,应当撤出灾区所有人员, 准确统计井下人数,严格控制入井人数;提供救援需要的图纸和技 术资料;组织人力、调配装备和物资参加抢险救援,做好后勤保障 工作.

[4] 来源：煤矿安全规程2025.pdf；片段：第七百六十二条-751；得分：0.8002
第七百六十二条 矿井发生灾害事故后,必须首先组织专职 救护队进行灾区探察,探明灾区情况.救援指挥部应当根据灾害 性质,事故发生地点、波及范围,灾区人员分布、可能存在的危险因 素,以及救援的人力和物力,制定抢救方案和安全保障措施. 专职救护队执行灾区探察任务和实施救援时,必须至少有１ 名中队或者中队以上指挥员带队.",,0.5,0.5333,0.1667,0.7658,0.5714,0.5
Q08,事故扩大需要调度室、通防、机电和救护队同时联动，统一口径应包含哪些内容？,统一口径应包含事故类型、风险等级、撤离情况、规程依据、责任分工、通信要求和升级条件。,"['事故扩大', '风险等级', '撤离人员', '规程依据', '责任分工', '保持通信', '协同联动', '升级上报']",hybrid_graph,混合图检索策略,"风险判断：事故扩大需多部门联动，信息不统一易致指挥混乱。  
依据：规程第七百六十三条要求设立地面与井下基地，确保通信畅通，统一指挥。  
处置动作：统一口径应包含灾情现状、救援方案、人员分工、通信方式、安全区域及联络人。  
责任分工：调度室负责通知与协调，通防负责气体监测与通风，机电保障设备运行，救护队执行救援，由专职救护队指挥员统一指挥。",1.817,"[1] 来源：煤矿安全规程2025.pdf；片段：第七百五十六条-745；得分：0.8585
第七百五十六条 专职救护队应当配备救援车辆及通信、灭 火、排水、探察、气体分析、个体防护等救援装备,建有实操、虚拟等 演习训练设施. 兼职救护队应当配备通信、气体检测、灭火、个体防护等救援 装备,设置训练设施.

[2] 来源：煤矿安全规程2025.pdf；片段：第七百六十三条-752；得分：0.8418
第七百六十三条 在重特大事故或者复杂事故救援现场,应 当设立地面基地和井下基地,安排矿山救护队指挥员、待机小队和 急救员值班,设置通往救援指挥部和灾区的电话,配备必要的救护 装备和器材. 地面基地应当设置在靠近井口的安全地点,配备气体分析化 验设备等相关装备. 井下基地应当设置在靠近灾区的安全地点,设专人看守电话 ５ — ８ — ２ 并做好记录,保持与救援指挥部、灾区工作救护小队的联络.指派 专人检测风流、有害气体浓度及巷道支护等情况.

[3] 来源：煤矿安全规程2025.pdf；片段：第七百六十五条-754；得分：0.8314
第七百六十五条 处理灾变事故时,应当撤出灾区所有人员, 准确统计井下人数,严格控制入井人数;提供救援需要的图纸和技 术资料;组织人力、调配装备和物资参加抢险救援,做好后勤保障 工作.

[4] 来源：煤矿安全规程2025.pdf；片段：第七百六十二条-751；得分：0.8002
第七百六十二条 矿井发生灾害事故后,必须首先组织专职 救护队进行灾区探察,探明灾区情况.救援指挥部应当根据灾害 性质,事故发生地点、波及范围,灾区人员分布、可能存在的危险因 素,以及救援的人力和物力,制定抢救方案和安全保障措施. 专职救护队执行灾区探察任务和实施救援时,必须至少有１ 名中队或者中队以上指挥员带队.","[1] 专职救护队指挥员 -> PERFORMED_BY -> 协调指挥救援（第七百六十一条；条件：多支矿山救护队联合参加救援；证据：多支矿山救护队联合参加救援时,应当由服务于发生事故煤矿的专职救护队指挥员负责协调、指挥各矿山救护队实施救援）
[2] 矿调度室 -> PERFORMED_BY -> 通知救援力量（第二百七十七条；证据：矿调度室在接到井下火灾报告后,应当立即按照灾害预防和处理计划通知有关人员组织抢救灾区人员和实施灭火工作）
[3] 出动救援 -> PERFORMED_BY -> 救护小队（第七百三十八条；证据：专职救护队在接到事故报告电话、值班人员发出警报后,必须在１min内出动救援）
[4] 接到事故报告电话 -> IF -> 出动救援（第七百三十八条；条件：within 1min；证据：专职救护队在接到事故报告电话、值班人员发出警报后,必须在１min内出动救援）
[5] 值班人员发出警报 -> IF -> 出动救援（第七百三十八条；条件：within 1min；证据：专职救护队在接到事故报告电话、值班人员发出警报后,必须在１min内出动救援）",0.625,0.5556,0.165,0.7984,0.5,0.625
Q09,局部通风机停运后瓦斯传感器连续报警，现场第一反应应是什么？,局扇停运报警后，应立即停工断电撤人，恢复通风并开展瓦斯复测，报告调度。,"['瓦斯超限', '停止作业', '切断电源', '撤离人员', '加强通风', '复测', '上报调度']",pure_llm,纯LLM,"风险判断：存在瓦斯积聚超限引发爆炸或窒息的重大安全风险。  
依据：局部通风机停运导致掘进工作面停风，瓦斯无法排出，浓度持续上升触发报警。  
处置动作：立即停止作业，撤出所有人员至全风压通风安全区域，切断电源，设置警戒。  
责任分工：现场跟班队长或班组长负责组织撤人、警戒，瓦斯检查工核实瓦斯浓度，调度室协调恢复通风。",1.22,,,0.8571,0.6667,0.2032,0.7573,0.5455,0.8571
Q09,局部通风机停运后瓦斯传感器连续报警，现场第一反应应是什么？,局扇停运报警后，应立即停工断电撤人，恢复通风并开展瓦斯复测，报告调度。,"['瓦斯超限', '停止作业', '切断电源', '撤离人员', '加强通风', '复测', '上报调度']",vector_rag,纯向量RAG,"风险判断：局部通风机停运导致瓦斯积聚，存在瓦斯超限爆炸或窒息风险。  
依据：规程第五百四十二条要求局部通风机必须设置开停传感器，停运时应触发报警并联动闭锁。  
处置动作：立即停止作业，撤出人员，切断电源，启动应急通风措施，查明停风原因。  
责任分工：现场班组长负责组织撤人并报告调度室，瓦斯检查员核实瓦斯浓度，机电人员排查故障。",2.236,"[1] 来源：煤矿安全规程2025.pdf；片段：第五百四十二条-535；得分：0.8905
第五百四十二条 主要通风机、局部通风机必须设置设备开 ２ — ２ — ２ 停传感器. 主要风门必须设置风门开关传感器,当两道风门同时打开时, 发出声光报警信号. 甲烷电闭锁和风电闭锁的被控开关的负荷侧必须设置馈电状 态传感器. 第三节 人员位置监测

[2] 来源：煤矿安全规程2025.pdf；片段：第二百五十三条-251；得分：0.8055
第二百五十三条 装有带式输送机的运输巷作为进风巷时, 必须制定专项安全技术措施,并遵守下列规定: ９ — — ９ (一)带式输送机的机头和机尾滚筒下风侧１０~２０m 范围内 应当监测烟雾和一氧化碳等参数,每延长１０００m 至少增设一处监 测点,必须实现带式输送机火灾监测预警功能. (二)必须加强巷道维护和带式输送机运行管理,防止带式输 送机设备因巷道变形、托辊等部件故障引发火灾.

[3] 来源：煤矿安全规程2025.pdf；片段：第二百零五条-204；得分：0.8019
第二百零五条 抽采瓦斯必须遵守下列规定: (一)抽采容易自燃和自燃煤层的采空区瓦斯时,抽采管路应 当安设一氧化碳、甲烷、温度传感器,实现实时监测监控.发现有 自然发火预兆时,应当立即采取措施. (二)井上下敷设的瓦斯管路,不得与非本质安全型带电物体 接触,并应当有防止砸坏管路的措施. (三)采用干式抽采瓦斯设备时,必须具有自动监控瓦斯浓度 功能的装置,进入抽采泵的瓦斯浓度必须高于２５％或者低于２％、 煤尘浓度不得高于１g/m ３,否则不得使用干式抽采.采用干式抽 采必须由煤矿企业技术负责人审批. (四)在抽采泵出气侧管路及利用瓦斯的系统中必须装设有防 回火、防回流和防爆炸作用的安全装置. (五)瓦斯利用应当按照国家相关规定执行. 第二节 煤尘爆炸防治

[4] 来源：煤矿安全规程2025.pdf；片段：第五百三十九条-532；得分：0.7993
第五百三十九条 采煤机、掘进机、掘锚一体机、连续采煤机、 TBM 等必须设置具有断电闭锁功能的甲烷断电仪.高瓦斯、突 出矿井采煤机机载断电仪的甲烷浓度以及采煤机开停等监控数据 应当接入安全监控系统. 井下下列设备必须设置具有断电闭锁功能的甲烷断电仪,或 者无线甲烷传感器,或者便携式甲烷检测报警仪: (一)梭车、锚杆钻车. (二)采 用 防 爆 蓄 电 池 或 者 防 爆 柴 油 机 为 动 力 装 置 的 运 输 设备. (三)其他需要安装的移动设备.",,0.8571,0.7059,0.1969,0.7459,0.6,0.8571
Q09,局部通风机停运后瓦斯传感器连续报警，现场第一反应应是什么？,局扇停运报警后，应立即停工断电撤人，恢复通风并开展瓦斯复测，报告调度。,"['瓦斯超限', '停止作业', '切断电源', '撤离人员', '加强通风', '复测', '上报调度']",hybrid_graph,混合图检索策略,"风险判断：局部通风机停运导致瓦斯积聚，存在瓦斯超限爆炸风险。  
依据：规程第五百四十二条要求局部通风机必须设置开停传感器，停运时应触发报警并闭锁相关设备。  
处置动作：立即停止作业、撤出人员，切断电源，启动备用局部通风机恢复通风。  
责任分工：现场跟班队长负责指挥撤人，瓦斯检查工确认瓦斯浓度，电工检查通风机及供电系统。",1.845,"[1] 来源：煤矿安全规程2025.pdf；片段：第五百四十二条-535；得分：0.8905
第五百四十二条 主要通风机、局部通风机必须设置设备开 ２ — ２ — ２ 停传感器. 主要风门必须设置风门开关传感器,当两道风门同时打开时, 发出声光报警信号. 甲烷电闭锁和风电闭锁的被控开关的负荷侧必须设置馈电状 态传感器. 第三节 人员位置监测

[2] 来源：煤矿安全规程2025.pdf；片段：第二百五十三条-251；得分：0.8055
第二百五十三条 装有带式输送机的运输巷作为进风巷时, 必须制定专项安全技术措施,并遵守下列规定: ９ — — ９ (一)带式输送机的机头和机尾滚筒下风侧１０~２０m 范围内 应当监测烟雾和一氧化碳等参数,每延长１０００m 至少增设一处监 测点,必须实现带式输送机火灾监测预警功能. (二)必须加强巷道维护和带式输送机运行管理,防止带式输 送机设备因巷道变形、托辊等部件故障引发火灾.

[3] 来源：煤矿安全规程2025.pdf；片段：第二百零五条-204；得分：0.8019
第二百零五条 抽采瓦斯必须遵守下列规定: (一)抽采容易自燃和自燃煤层的采空区瓦斯时,抽采管路应 当安设一氧化碳、甲烷、温度传感器,实现实时监测监控.发现有 自然发火预兆时,应当立即采取措施. (二)井上下敷设的瓦斯管路,不得与非本质安全型带电物体 接触,并应当有防止砸坏管路的措施. (三)采用干式抽采瓦斯设备时,必须具有自动监控瓦斯浓度 功能的装置,进入抽采泵的瓦斯浓度必须高于２５％或者低于２％、 煤尘浓度不得高于１g/m ３,否则不得使用干式抽采.采用干式抽 采必须由煤矿企业技术负责人审批. (四)在抽采泵出气侧管路及利用瓦斯的系统中必须装设有防 回火、防回流和防爆炸作用的安全装置. (五)瓦斯利用应当按照国家相关规定执行. 第二节 煤尘爆炸防治

[4] 来源：煤矿安全规程2025.pdf；片段：第五百三十九条-532；得分：0.7993
第五百三十九条 采煤机、掘进机、掘锚一体机、连续采煤机、 TBM 等必须设置具有断电闭锁功能的甲烷断电仪.高瓦斯、突 出矿井采煤机机载断电仪的甲烷浓度以及采煤机开停等监控数据 应当接入安全监控系统. 井下下列设备必须设置具有断电闭锁功能的甲烷断电仪,或 者无线甲烷传感器,或者便携式甲烷检测报警仪: (一)梭车、锚杆钻车. (二)采 用 防 爆 蓄 电 池 或 者 防 爆 柴 油 机 为 动 力 装 置 的 运 输 设备. (三)其他需要安装的移动设备.","[1] 不得采用局部通风机或局部通风机群代替临时通风机 -> REQUIRES -> 局部通风机（第一百零七条；条件：禁止使用；证据：不得采用局部通风机或者局部通风机群代替临时通风机）
[2] 第一百零七条 -> CONTAINS -> 不得采用局部通风机或局部通风机群代替临时通风机（第一百零七条；条件：不具备安装主要通风机条件；证据：但不得采用局部通风机或者局部通风机群代替临时通风机）
[3] 局部通风机 -> REQUIRES -> 备用局部通风机（第一百三十四条；证据：配备备用局部通风机）
[4] 自动切换通风机 -> NEXT -> 停机闭锁（第一百八十三条；证据：正常工作的局部通风机发生故障、切换到备用局部通风机工作时,该局部通风机通风范围内应当停止工作）
[5] 局部通风机 -> REQUIRES -> 设备开停传感器（第五百四十二条；证据：主要通风机、局部通风机必须设置设备开停传感器）",0.7143,0.6667,0.2011,0.762,0.625,0.7143
Q10,回风巷检测到一氧化碳升高并出现焦糊味，调度室应怎样判断和布置？,按火灾征兆处理，立即上报调度，停工撤人，设警戒，组织复查与持续监测。,"['火灾', '上报调度', '停止作业', '撤离人员', '设置警戒', '组织救援', '持续监测']",pure_llm,纯LLM,"风险判断：存在火灾或设备过热风险，可能引发火灾或瓦斯爆炸。  
依据：一氧化碳升高和焦糊味是典型火灾前兆，尤其在回风巷易积聚有害气体。  
处置动作：立即通知井下人员撤离，切断电源，启动防灭火预案，加强气体监测。  
责任分工：调度室负责指挥协调，通风部门分析气体来源，安监人员组织撤离，机电部门排查设备故障。",1.406,,,0.5714,0.4211,0.1556,0.656,0.3333,0.5714
Q10,回风巷检测到一氧化碳升高并出现焦糊味，调度室应怎样判断和布置？,按火灾征兆处理，立即上报调度，停工撤人，设警戒，组织复查与持续监测。,"['火灾', '上报调度', '停止作业', '撤离人员', '设置警戒', '组织救援', '持续监测']",vector_rag,纯向量RAG,"风险判断：回风巷一氧化碳升高并出现焦糊味，存在火灾或设备过热风险，可能引发瓦斯爆炸或人员中毒。  
依据：规程第一百五十六条规定一氧化碳最高允许浓度为0.0024%，超限需立即处理；第一百九十一条要求对异常气体浓度查明原因。  
处置动作：调度室应立即通知井下人员撤离受影响区域，切断电源，启动火灾应急预案，并派救护队查明火源。  
责任分工：调度室负责指挥协调，通风部门监测气体变化，安监部门监督措施落实，矿领导组织应急响应。",1.888,"[1] 来源：煤矿安全规程2025.pdf；片段：第一百九十一条-191；得分：0.7528
第一百九十一条 矿井总回风巷中甲烷或者二氧化碳浓度达 到０．７５％时,必须立即查明原因,进行处理.

[2] 来源：煤矿安全规程2025.pdf；片段：第一百五十六条-156；得分：0.7369
第一百五十六条 井下风流中的空气成分必须符合下列安全 健康指标要求: (一)采掘工作面的进风流中,氧气浓度不低于２０％,二氧化 碳浓度不超过０．５％. (二)有害气体的浓度不超过表５规定. 表５ 矿井有害气体最高允许浓度 名 称 最高允许浓度/％ 一氧化碳 CO ０．００２４ 氧化氮(换算成 NO２) ０．０００２５ 二氧化硫SO２ ０．０００５ 硫化氢 H２S ０．０００６６ 氨 NH３ ０．００４ 甲烷、二氧化碳和氢气的允许浓度按照本规程的有关规定 执行. 矿井中所有气体的浓度均按照体积百分比计算.

[3] 来源：煤矿安全规程2025.pdf；片段：第一百九十五条-194；得分：0.734
第一百九十五条 修复旧井巷时,必须首先检查瓦斯.当瓦 斯积聚时,必须按照规定排放,只有在回风流中甲烷浓度不超过 １．０％、二氧化碳浓度不超过１．５％、空气成分符合本规程第一百 五十六条的要求时,才能作业.

[4] 来源：煤矿安全规程2025.pdf；片段：第一百九十二条-192；得分：0.7236
第一百九十二条 采区回风巷、采掘工作面回风巷风流中甲 烷浓度达到１．０％或者二氧化碳浓度达到１．５％时,必须停止工 作,撤出人员,采取措施,进行处理.",,0.7143,0.5263,0.1172,0.6,0.4167,0.7143
Q10,回风巷检测到一氧化碳升高并出现焦糊味，调度室应怎样判断和布置？,按火灾征兆处理，立即上报调度，停工撤人，设警戒，组织复查与持续监测。,"['火灾', '上报调度', '停止作业', '撤离人员', '设置警戒', '组织救援', '持续监测']",hybrid_graph,混合图检索策略,"风险判断：回风巷一氧化碳升高并出现焦糊味，存在火灾或设备过热风险，可能引发瓦斯爆炸或人员中毒。  
依据：规程第一百五十六条规定一氧化碳最高允许浓度为0.0024%，超限需立即处理；第一百九十一条要求对异常气体浓度查明原因。  
处置动作：调度室应立即通知井下撤人，切断电源，启动火灾应急预案，并通知通风、安监部门排查火源。  
责任分工：调度室负责指挥协调，通风部门检测气体并分析原因，安监部门监督措施落实，矿领导决策应急响应。",2.516,"[1] 来源：煤矿安全规程2025.pdf；片段：第一百九十一条-191；得分：0.7528
第一百九十一条 矿井总回风巷中甲烷或者二氧化碳浓度达 到０．７５％时,必须立即查明原因,进行处理.

[2] 来源：煤矿安全规程2025.pdf；片段：第一百五十六条-156；得分：0.7369
第一百五十六条 井下风流中的空气成分必须符合下列安全 健康指标要求: (一)采掘工作面的进风流中,氧气浓度不低于２０％,二氧化 碳浓度不超过０．５％. (二)有害气体的浓度不超过表５规定. 表５ 矿井有害气体最高允许浓度 名 称 最高允许浓度/％ 一氧化碳 CO ０．００２４ 氧化氮(换算成 NO２) ０．０００２５ 二氧化硫SO２ ０．０００５ 硫化氢 H２S ０．０００６６ 氨 NH３ ０．００４ 甲烷、二氧化碳和氢气的允许浓度按照本规程的有关规定 执行. 矿井中所有气体的浓度均按照体积百分比计算.

[3] 来源：煤矿安全规程2025.pdf；片段：第一百九十五条-194；得分：0.734
第一百九十五条 修复旧井巷时,必须首先检查瓦斯.当瓦 斯积聚时,必须按照规定排放,只有在回风流中甲烷浓度不超过 １．０％、二氧化碳浓度不超过１．５％、空气成分符合本规程第一百 五十六条的要求时,才能作业.

[4] 来源：煤矿安全规程2025.pdf；片段：第一百九十二条-192；得分：0.7236
第一百九十二条 采区回风巷、采掘工作面回风巷风流中甲 烷浓度达到１．０％或者二氧化碳浓度达到１．５％时,必须停止工 作,撤出人员,采取措施,进行处理.","[1] 第五百二十七条 -> CONTAINS -> 显示和控制终端、调度台设置在矿调度室（第五百二十七条；证据：安全监控、人员位置监测和视频监视系统的显示和控制终端,有线调度通信系统的调度台必须设置在矿调度室）
[2] 抽采瓦斯泵房 -> REQUIRES -> 监测预警系统（第二百零三条；证据：泵房必须有直通矿调度室的电话和检测管道瓦斯浓度、流量、压力等参数的仪表或者自动监测系统）
[3] 定期检测、分析和整理记录 -> NEXT -> 发现问题及时报告处理（第二百七十三条；证据：发现问题及时报告处理）
[4] 第四百四十六条 -> CONTAINS -> 可以不进行性能检验（第四百四十六条；条件：inclined_shaft_material_rope AND has_certificate_and_report AND no_corrosion_or_damage；证据：专用于斜井提升物料且直径不大于１８mm 的钢丝绳,有产品合格证和检测检验报告等,外观检查无锈蚀和损伤的,可以不进行(一)所要求的检验）
[5] 水害 -> APPLIES_TO -> 报矿调度室（第二百九十二条；证据：报告矿调度室）",0.4286,0.3333,0.1167,0.5605,0.2727,0.4286
