case_id,scenario_type,article_basis,query,reference,expected,strategy,method,answer,latency_s,doc_context,graph_context,em,f1,rouge_l,semantic_similarity,key_precision,key_recall
R01,瓦斯超限,"['第八十四条', '第一百六十四条']",掘进工作面及其回风流中瓦斯浓度超过 1.0% 时，调度室和现场应立即执行哪些处置？,当瓦斯浓度超过 1.0% 时，应当自动断电并停止作业；瓦斯浓度超限时，必须立即处理，并应先停止在掘工作面的工作后再处理瓦斯，同时按规定组织人员撤离并上报调度。,"['瓦斯浓度超过1.0%', '自动断电', '停止作业', '立即处理', '撤离人员', '上报调度', '先停工作面后处理瓦斯']",pure_llm,纯LLM,"风险判断：存在瓦斯超限引发爆炸或窒息的重大安全风险。  
依据：煤矿安全规程规定掘进工作面及回风流瓦斯浓度达1.0%时必须立即停止作业。  
处置动作：调度室立即下达撤人指令，切断电源，通知通风部门查明原因并采取排放措施；现场人员停止作业，撤出人员至安全区域，设置警戒。  
责任分工：调度室负责指挥协调与信息上报，现场跟班干部组织撤人，瓦斯检查员监测浓度变化，通风部门负责瓦斯排放与恢复通风。",5.74,,,0.4286,0.3,0.2189,0.7846,0.2308,0.4286
R01,瓦斯超限,"['第八十四条', '第一百六十四条']",掘进工作面及其回风流中瓦斯浓度超过 1.0% 时，调度室和现场应立即执行哪些处置？,当瓦斯浓度超过 1.0% 时，应当自动断电并停止作业；瓦斯浓度超限时，必须立即处理，并应先停止在掘工作面的工作后再处理瓦斯，同时按规定组织人员撤离并上报调度。,"['瓦斯浓度超过1.0%', '自动断电', '停止作业', '立即处理', '撤离人员', '上报调度', '先停工作面后处理瓦斯']",vector_rag,纯向量RAG,"风险判断：瓦斯浓度超限易引发爆炸或窒息事故，属重大安全隐患。  
依据：规程第一百九十二条、第一百九十三条明确瓦斯浓度达1.0%时必须停止作业并撤人。  
处置动作：立即停止掘进工作面及回风流区域一切作业，切断电源，撤出人员，查明原因并处理。  
责任分工：调度室负责指挥撤人、断电及协调救援；现场跟班干部、瓦斯检查员负责执行撤人、警戒及初步处置。",1.681,"[1] 来源：煤矿安全规程2025.pdf；片段：第一百九十二条-192；得分：0.9343
第一百九十二条 采区回风巷、采掘工作面回风巷风流中甲 烷浓度达到１．０％或者二氧化碳浓度达到１．５％时,必须停止工 作,撤出人员,采取措施,进行处理.

[2] 来源：煤矿安全规程2025.pdf；片段：第一百九十三条-193；得分：0.9314
第一百九十三条 采掘工作面及其他作业地点风流中甲烷浓 度达到１．０％时,必须停止用电作业;爆破地点附近２０m 以内风流 中甲烷浓度达到１．０％时,严禁爆破. 采掘工作面及其他作业地点风流中、电动机或者其开关安设 地点附近２０m 以内风流中的甲烷浓度达到１．５％时,必须停止工 作,切断电源,撤出人员,进行处理. 采掘工作面及其他巷道内,体积大于０．５m ３ 的空间内积聚的 甲烷浓度达到２．０％时,附近２０m 内必须停止工作,撤出人员,切 断电源,进行处理. 第一 百 九 十 四 条 采 掘 工 作 面 风 流 中 二 氧 化 碳 浓 度 达 到 ５ — — ７ １．５％时,必 须 停 止 工 作,撤 出 人 员,查 明 原 因,制 定 措 施,进 行 处理.

[3] 来源：煤矿安全规程2025.pdf；片段：第一百九十五条-194；得分：0.9026
第一百九十五条 修复旧井巷时,必须首先检查瓦斯.当瓦 斯积聚时,必须按照规定排放,只有在回风流中甲烷浓度不超过 １．０％、二氧化碳浓度不超过１．５％、空气成分符合本规程第一百 五十六条的要求时,才能作业.

[4] 来源：煤矿安全规程2025.pdf；片段：第二百八十四条-282；得分：0.8685
第二百八十四条 启封已熄灭的火区前,必须制定安全措施. 启封火区时,应当逐段恢复通风,同时测定回风流中的一氧化 碳、甲烷浓度和风流温度.发现复燃征兆时,必须立即停止向火区 送风,并重新封闭火区. 启封火区和恢复火区初期通风等工作,必须由矿山救护队负 责进行,火区回风风流所经过巷道中的人员必须全部撤出. 在启封火区工作完毕后的３天内,每班必须由矿山救护队检 查通风工作,并测定水温、空气温度和空气成分.只有在确认火区 完全熄灭、通风等情况良好后,方可进行生产工作.",,0.4286,0.3333,0.2479,0.8147,0.2727,0.4286
R01,瓦斯超限,"['第八十四条', '第一百六十四条']",掘进工作面及其回风流中瓦斯浓度超过 1.0% 时，调度室和现场应立即执行哪些处置？,当瓦斯浓度超过 1.0% 时，应当自动断电并停止作业；瓦斯浓度超限时，必须立即处理，并应先停止在掘工作面的工作后再处理瓦斯，同时按规定组织人员撤离并上报调度。,"['瓦斯浓度超过1.0%', '自动断电', '停止作业', '立即处理', '撤离人员', '上报调度', '先停工作面后处理瓦斯']",hybrid_graph,混合图检索策略,"风险判断：瓦斯浓度超限易引发爆炸，威胁人员安全。  
依据：规程第一百九十二条、第一百九十三条明确瓦斯浓度达1.0%时必须停止作业、撤人。  
处置动作：立即停止掘进作业，切断电源，撤出人员，查明原因并处理。  
责任分工：调度室负责指挥撤人、停送电及协调救援；现场负责人组织人员撤离并报告。",2.157,"[1] 来源：煤矿安全规程2025.pdf；片段：第一百九十二条-192；得分：0.9343
第一百九十二条 采区回风巷、采掘工作面回风巷风流中甲 烷浓度达到１．０％或者二氧化碳浓度达到１．５％时,必须停止工 作,撤出人员,采取措施,进行处理.

[2] 来源：煤矿安全规程2025.pdf；片段：第一百九十三条-193；得分：0.9314
第一百九十三条 采掘工作面及其他作业地点风流中甲烷浓 度达到１．０％时,必须停止用电作业;爆破地点附近２０m 以内风流 中甲烷浓度达到１．０％时,严禁爆破. 采掘工作面及其他作业地点风流中、电动机或者其开关安设 地点附近２０m 以内风流中的甲烷浓度达到１．５％时,必须停止工 作,切断电源,撤出人员,进行处理. 采掘工作面及其他巷道内,体积大于０．５m ３ 的空间内积聚的 甲烷浓度达到２．０％时,附近２０m 内必须停止工作,撤出人员,切 断电源,进行处理. 第一 百 九 十 四 条 采 掘 工 作 面 风 流 中 二 氧 化 碳 浓 度 达 到 ５ — — ７ １．５％时,必 须 停 止 工 作,撤 出 人 员,查 明 原 因,制 定 措 施,进 行 处理.

[3] 来源：煤矿安全规程2025.pdf；片段：第一百九十五条-194；得分：0.9026
第一百九十五条 修复旧井巷时,必须首先检查瓦斯.当瓦 斯积聚时,必须按照规定排放,只有在回风流中甲烷浓度不超过 １．０％、二氧化碳浓度不超过１．５％、空气成分符合本规程第一百 五十六条的要求时,才能作业.

[4] 来源：煤矿安全规程2025.pdf；片段：第二百八十四条-282；得分：0.8685
第二百八十四条 启封已熄灭的火区前,必须制定安全措施. 启封火区时,应当逐段恢复通风,同时测定回风流中的一氧化 碳、甲烷浓度和风流温度.发现复燃征兆时,必须立即停止向火区 送风,并重新封闭火区. 启封火区和恢复火区初期通风等工作,必须由矿山救护队负 责进行,火区回风风流所经过巷道中的人员必须全部撤出. 在启封火区工作完毕后的３天内,每班必须由矿山救护队检 查通风工作,并测定水温、空气温度和空气成分.只有在确认火区 完全熄灭、通风等情况良好后,方可进行生产工作.","[1] 设置甲烷传感器 -> IF -> 煤巷（第五百三十七条；条件：掘进工作面及其回风流中；证据：煤巷、半煤岩巷和有瓦斯涌出的岩巷掘进工作面及其回风流中）
[2] 设置甲烷传感器 -> IF -> 半煤岩巷（第五百三十七条；条件：掘进工作面及其回风流中；证据：煤巷、半煤岩巷和有瓦斯涌出的岩巷掘进工作面及其回风流中）
[3] 设置甲烷传感器 -> IF -> 有瓦斯涌出的岩巷（第五百三十七条；条件：掘进工作面及其回风流中；证据：煤巷、半煤岩巷和有瓦斯涌出的岩巷掘进工作面及其回风流中）
[4] 第一百六十四条 -> CONTAINS -> 检查工作面及其回风流中的瓦斯浓度（第一百六十四条；条件：每班；证据：每班必须检查工作面及其回风流中的瓦斯浓度）
[5] 将瓦斯引排到地面 -> IF -> 稀释后风流中瓦斯浓度不超限（第二百零四条；证据：抽出的瓦斯可以引排到地面、总回风巷或者采(盘)区回风巷,但必须保证稀释后风流中的瓦斯浓度不超限）",0.4286,0.375,0.2897,0.7694,0.3333,0.4286
R02,主要通风机停运,['第一百八十条'],主要通风机停止运转时，井下人员和调度室应如何处置？,主要通风机停止运转时，井下必须立即停止工作、切断电源，并将人员全部撤至应急救援预案规定的安全地带；停运期间必须打开井口防爆门和有关风门，利用自然风压通风，并正确控制风流，防止风流紊乱。,"['主要通风机停止运转', '立即停止工作', '切断电源', '撤至安全地带', '打开井口防爆门和风门', '利用自然风压通风', '正确控制风流']",pure_llm,纯LLM,"风险判断：主要通风机停运会造成井下瓦斯积聚、缺氧，引发窒息或爆炸事故。  
依据：矿井通风系统失效将直接威胁井下人员生命安全，必须立即响应。  
处置动作：井下人员立即停止作业，撤至进风巷或安全区域，调度室立即启动应急预案，切断受影响区域电源，组织撤人并恢复通风。  
责任分工：调度室负责指挥协调和上报，井下带班人员组织人员撤离，通风部门排查故障并恢复通风，安全员监督措施落实。",4.294,,,0.0,0.0,0.2418,0.7953,0.0,0.0
R02,主要通风机停运,['第一百八十条'],主要通风机停止运转时，井下人员和调度室应如何处置？,主要通风机停止运转时，井下必须立即停止工作、切断电源，并将人员全部撤至应急救援预案规定的安全地带；停运期间必须打开井口防爆门和有关风门，利用自然风压通风，并正确控制风流，防止风流紊乱。,"['主要通风机停止运转', '立即停止工作', '切断电源', '撤至安全地带', '打开井口防爆门和风门', '利用自然风压通风', '正确控制风流']",vector_rag,纯向量RAG,"风险判断：主要通风机停运会造成井下通风中断，存在瓦斯积聚、缺氧窒息等重大安全风险。  
依据：规程第一百八十条规定，主要通风机停止运转时，井下必须立即停止作业、切断电源，人员撤至预案指定安全区域。  
处置动作：井下人员立即撤离至安全地带，调度室启动应急预案，打开防爆门及风门利用自然通风，并监控风流状态。  
责任分工：井下带班人员组织撤人，调度室负责指挥协调、通知相关部门并监控通风系统，机电部门排查故障并恢复通风。",1.794,"[1] 来源：煤矿安全规程2025.pdf；片段：第一百八十条-180；得分：0.8721
第一百八十条 矿井必须制定主要通风机停止运转的应急救 援预案.因检修、停电或者其他原因停止主要通风机运转时,必须 制定停风的应对措施. 变电所或者电厂在停电前,必须将预计停电时间通知矿调 度室. 主要通风机停止运转时,井下必须立即停止工作、切断电源, 人员全部撤至应急救援预案规定的安全地带. 主要通风机停止运转期间,必须打开井口防爆门和有关风门, 利用自然风压通风;对由多台主要通风机联合通风的矿井,必须正 确控制风流,防止风流紊乱.

[2] 来源：煤矿安全规程2025.pdf；片段：第一百八十四条-184；得分：0.866
第一百八十四条 使用局部通风机通风的掘进工作面,不得 无计划停风;因检修、停电、出现故障等原因停风时,必须将人员全 部撤至全风压进风流处,切断停风区非本质安全型电气设备的电 １ — — ７ 源,设置栅栏、警示标志,禁止人员入内.

[3] 来源：煤矿安全规程2025.pdf；片段：第一百七十七条-177；得分：0.8365
第一百七十七条 矿井必须采用机械通风. 主要通风机的安装和使用应当符合下列要求: (一)主要通风机必须安装在地面;装有通风机的井口必须封 ７ — — ６ 闭严密,其外部漏风率在无提升设备时不得超过５％,有提升设备 时不得超过１５％. (二)必须保证主要通风机连续运转. (三)必须安装２套同等能力的主要通风机装置,其中１套作 备用,备用通风机必须能在１０min内开动. (四)严禁采用局部通风机或者风机群作为主要通风机使用. (五)装有主要通风机的出风井口应当安装防爆门,防爆门每 ６个月检查维修１次. (六)至少每月检查１次主要通风机.改变主要通风机转数、 叶片角度或者对旋式主要通风机运转级数时,必须经煤矿总工程 师批准. (七)新安装的主要通风机投入使用前,必须进行试运转和通 风机性能测定,以后每５年至少进行１次性能测定. (八)主要通风机技术改造及更换叶片后必须进行性能测定. (九)井下严禁安设辅助通风机.

[4] 来源：煤矿安全规程2025.pdf；片段：第一百八十七条-187；得分：0.8297
第一百八十七条 井下机电设备硐室必须设在进风风流中; 采用扩散通风的硐室,其深度不得超过 ６m、入口宽度不得小于 １．５m,并且无瓦斯涌出. 采区变电所及实现采区变电所功能的中央变电所必须实行独 立通风. 第五章 瓦斯与煤尘爆炸防治 第一节 瓦斯防治",,0.1429,0.125,0.3959,0.8702,0.1111,0.1429
R02,主要通风机停运,['第一百八十条'],主要通风机停止运转时，井下人员和调度室应如何处置？,主要通风机停止运转时，井下必须立即停止工作、切断电源，并将人员全部撤至应急救援预案规定的安全地带；停运期间必须打开井口防爆门和有关风门，利用自然风压通风，并正确控制风流，防止风流紊乱。,"['主要通风机停止运转', '立即停止工作', '切断电源', '撤至安全地带', '打开井口防爆门和风门', '利用自然风压通风', '正确控制风流']",hybrid_graph,混合图检索策略,"风险判断：主要通风机停运会造成井下通风中断，引发瓦斯积聚、缺氧等致命风险。  
依据：规程第一百八十条规定，主要通风机停止运转时，井下必须立即停止作业、切断电源，人员撤至安全地带。  
处置动作：井下人员立即撤至预案指定安全区域，调度室启动应急预案，打开防爆门及风门利用自然通风，并监控风流状态。  
责任分工：井下带班领导组织撤人断电，调度室负责指挥协调、通知救援并监控通风系统，机电部门保障备用风机待命。",2.596,"[1] 来源：煤矿安全规程2025.pdf；片段：第一百八十条-180；得分：0.8721
第一百八十条 矿井必须制定主要通风机停止运转的应急救 援预案.因检修、停电或者其他原因停止主要通风机运转时,必须 制定停风的应对措施. 变电所或者电厂在停电前,必须将预计停电时间通知矿调 度室. 主要通风机停止运转时,井下必须立即停止工作、切断电源, 人员全部撤至应急救援预案规定的安全地带. 主要通风机停止运转期间,必须打开井口防爆门和有关风门, 利用自然风压通风;对由多台主要通风机联合通风的矿井,必须正 确控制风流,防止风流紊乱.

[2] 来源：煤矿安全规程2025.pdf；片段：第一百八十四条-184；得分：0.866
第一百八十四条 使用局部通风机通风的掘进工作面,不得 无计划停风;因检修、停电、出现故障等原因停风时,必须将人员全 部撤至全风压进风流处,切断停风区非本质安全型电气设备的电 １ — — ７ 源,设置栅栏、警示标志,禁止人员入内.

[3] 来源：煤矿安全规程2025.pdf；片段：第一百七十七条-177；得分：0.8365
第一百七十七条 矿井必须采用机械通风. 主要通风机的安装和使用应当符合下列要求: (一)主要通风机必须安装在地面;装有通风机的井口必须封 ７ — — ６ 闭严密,其外部漏风率在无提升设备时不得超过５％,有提升设备 时不得超过１５％. (二)必须保证主要通风机连续运转. (三)必须安装２套同等能力的主要通风机装置,其中１套作 备用,备用通风机必须能在１０min内开动. (四)严禁采用局部通风机或者风机群作为主要通风机使用. (五)装有主要通风机的出风井口应当安装防爆门,防爆门每 ６个月检查维修１次. (六)至少每月检查１次主要通风机.改变主要通风机转数、 叶片角度或者对旋式主要通风机运转级数时,必须经煤矿总工程 师批准. (七)新安装的主要通风机投入使用前,必须进行试运转和通 风机性能测定,以后每５年至少进行１次性能测定. (八)主要通风机技术改造及更换叶片后必须进行性能测定. (九)井下严禁安设辅助通风机.

[4] 来源：煤矿安全规程2025.pdf；片段：第一百八十七条-187；得分：0.8297
第一百八十七条 井下机电设备硐室必须设在进风风流中; 采用扩散通风的硐室,其深度不得超过 ６m、入口宽度不得小于 １．５m,并且无瓦斯涌出. 采区变电所及实现采区变电所功能的中央变电所必须实行独 立通风. 第五章 瓦斯与煤尘爆炸防治 第一节 瓦斯防治","[1] 主要通风机停止运转 -> APPLIES_TO -> 停机闭锁（第一百八十条；证据：主要通风机停止运转时,井下必须立即停止工作）
[2] 主要通风机停止运转 -> APPLIES_TO -> 撤出人员（第一百八十条；证据：主要通风机停止运转时,人员全部撤至应急救援预案规定的安全地带）
[3] 主要通风机停止运转 -> APPLIES_TO -> 切断灾区电源（第一百八十条；证据：主要通风机停止运转时,井下必须立即停止工作、切断电源）
[4] 设置摄像仪 -> APPLIES_TO -> 抽采瓦斯泵房、主要通风机房、提升机房、调度室（第五百四十八条；证据：(七)抽采瓦斯泵房、主要通风机房、提升机房、调度室）
[5] 主要通风机停止运转 -> APPLIES_TO -> 打开有关风门（第一百八十条；证据：主要通风机停止运转期间,必须打开井口防爆门和有关风门）",0.1429,0.125,0.3972,0.8918,0.1111,0.1429
R03,爆破作业约束,"['第三百九十七条', '第三百九十九条']",爆破地点附近 20m 范围内风流中甲烷浓度达到或者超过 1.0% 时，是否允许装药、爆破？现场还应采取什么措施？,当爆破地点附近 20m 以内风流中甲烷浓度达到或者超过 1.0% 时，严禁装药和爆破；爆破前必须将工作面所有人员撤离警戒区域，并在警戒线和可能进入爆破地点的所有通路上布置专人警戒。,"['20m范围内', '甲烷浓度达到或超过1.0%', '严禁装药爆破', '撤离人员', '警戒区域', '专人警戒']",pure_llm,纯LLM,"风险判断：严禁装药、爆破。  
依据：甲烷浓度达到或超过1.0%时，存在瓦斯爆炸重大风险。  
处置动作：立即停止作业，撤出人员，切断电源，加强通风稀释瓦斯。  
责任分工：由现场安全员或瓦斯检查员监测浓度，班组长组织撤人，通风部门调整风量，矿调度室协调处置。",1.401,,,0.1667,0.1053,0.2512,0.7597,0.0769,0.1667
R03,爆破作业约束,"['第三百九十七条', '第三百九十九条']",爆破地点附近 20m 范围内风流中甲烷浓度达到或者超过 1.0% 时，是否允许装药、爆破？现场还应采取什么措施？,当爆破地点附近 20m 以内风流中甲烷浓度达到或者超过 1.0% 时，严禁装药和爆破；爆破前必须将工作面所有人员撤离警戒区域，并在警戒线和可能进入爆破地点的所有通路上布置专人警戒。,"['20m范围内', '甲烷浓度达到或超过1.0%', '严禁装药爆破', '撤离人员', '警戒区域', '专人警戒']",vector_rag,纯向量RAG,"风险判断：严禁装药、爆破，存在瓦斯爆炸高风险。  
依据：规程第三百九十七条明确爆破地点附近20m内风流中甲烷浓度≥1.0%时严禁装药、爆破。  
处置动作：立即停止作业，撤出人员，加强通风稀释瓦斯，待浓度降至1.0%以下并稳定后方可恢复作业。  
责任分工：瓦斯检查员负责实时监测，班组长组织撤人，通风部门调整风量，安全员监督措施落实。",2.096,"[1] 来源：煤矿安全规程2025.pdf；片段：第一百九十三条-193；得分：0.9015
第一百九十三条 采掘工作面及其他作业地点风流中甲烷浓 度达到１．０％时,必须停止用电作业;爆破地点附近２０m 以内风流 中甲烷浓度达到１．０％时,严禁爆破. 采掘工作面及其他作业地点风流中、电动机或者其开关安设 地点附近２０m 以内风流中的甲烷浓度达到１．５％时,必须停止工 作,切断电源,撤出人员,进行处理. 采掘工作面及其他巷道内,体积大于０．５m ３ 的空间内积聚的 甲烷浓度达到２．０％时,附近２０m 内必须停止工作,撤出人员,切 断电源,进行处理. 第一 百 九 十 四 条 采 掘 工 作 面 风 流 中 二 氧 化 碳 浓 度 达 到 ５ — — ７ １．５％时,必 须 停 止 工 作,撤 出 人 员,查 明 原 因,制 定 措 施,进 行 处理.

[2] 来源：煤矿安全规程2025.pdf；片段：第三百九十七条-394；得分：0.8528
第三百九十七条 装药前和爆破前有下列情况之一的,严禁 装药、爆破: (一)采掘工作面控顶距离不符合作业规程的规定,或者有支 架损坏,或者伞檐超过规定. (二)爆破地点附近２０m 以内风流中甲烷浓度达到或者超过 １．０％. (三)在爆破地点２０m 以内,矿车、未清除的煤(矸)或者其他 物体堵塞巷道断面１/３以上. (四)炮孔内发现异状、温度骤高骤低、有显著瓦斯涌出、煤岩 松散、透老空区等情况. (五)采掘工作面风量不足.

[3] 来源：煤矿安全规程2025.pdf；片段：第三百八十八条-385；得分：0.8364
第三百八十八条 在有瓦斯或者煤尘爆炸危险的采掘工作 面,应当采用毫秒爆破.在掘进工作面应当全断面一次起爆,不能 全断面一次起爆的,必须采取安全措施.在采煤工作面可以分组 装药,但一组装药必须一次起爆. 严禁在１个采煤工作面使用多台起爆控制器同时进行爆破.

[4] 来源：煤矿安全规程2025.pdf；片段：第一百九十一条-191；得分：0.82
第一百九十一条 矿井总回风巷中甲烷或者二氧化碳浓度达 到０．７５％时,必须立即查明原因,进行处理.",,0.1667,0.125,0.2927,0.8204,0.1,0.1667
R03,爆破作业约束,"['第三百九十七条', '第三百九十九条']",爆破地点附近 20m 范围内风流中甲烷浓度达到或者超过 1.0% 时，是否允许装药、爆破？现场还应采取什么措施？,当爆破地点附近 20m 以内风流中甲烷浓度达到或者超过 1.0% 时，严禁装药和爆破；爆破前必须将工作面所有人员撤离警戒区域，并在警戒线和可能进入爆破地点的所有通路上布置专人警戒。,"['20m范围内', '甲烷浓度达到或超过1.0%', '严禁装药爆破', '撤离人员', '警戒区域', '专人警戒']",hybrid_graph,混合图检索策略,"风险判断：爆破地点附近20m风流中甲烷浓度≥1.0%时，存在瓦斯爆炸风险，严禁装药、爆破。  
依据：规程第三百九十七条明确该条件下严禁装药、爆破，第一百九十三条进一步强调严禁爆破。  
处置动作：立即停止作业，加强通风稀释瓦斯，待浓度降至1.0%以下并稳定后方可恢复作业。  
责任分工：瓦斯检查员负责实时监测并报告，班组长组织撤人并落实通风措施，安全员监督执行。",62.649,"[1] 来源：煤矿安全规程2025.pdf；片段：第一百九十三条-193；得分：0.9015
第一百九十三条 采掘工作面及其他作业地点风流中甲烷浓 度达到１．０％时,必须停止用电作业;爆破地点附近２０m 以内风流 中甲烷浓度达到１．０％时,严禁爆破. 采掘工作面及其他作业地点风流中、电动机或者其开关安设 地点附近２０m 以内风流中的甲烷浓度达到１．５％时,必须停止工 作,切断电源,撤出人员,进行处理. 采掘工作面及其他巷道内,体积大于０．５m ３ 的空间内积聚的 甲烷浓度达到２．０％时,附近２０m 内必须停止工作,撤出人员,切 断电源,进行处理. 第一 百 九 十 四 条 采 掘 工 作 面 风 流 中 二 氧 化 碳 浓 度 达 到 ５ — — ７ １．５％时,必 须 停 止 工 作,撤 出 人 员,查 明 原 因,制 定 措 施,进 行 处理.

[2] 来源：煤矿安全规程2025.pdf；片段：第三百九十七条-394；得分：0.8528
第三百九十七条 装药前和爆破前有下列情况之一的,严禁 装药、爆破: (一)采掘工作面控顶距离不符合作业规程的规定,或者有支 架损坏,或者伞檐超过规定. (二)爆破地点附近２０m 以内风流中甲烷浓度达到或者超过 １．０％. (三)在爆破地点２０m 以内,矿车、未清除的煤(矸)或者其他 物体堵塞巷道断面１/３以上. (四)炮孔内发现异状、温度骤高骤低、有显著瓦斯涌出、煤岩 松散、透老空区等情况. (五)采掘工作面风量不足.

[3] 来源：煤矿安全规程2025.pdf；片段：第三百八十八条-385；得分：0.8364
第三百八十八条 在有瓦斯或者煤尘爆炸危险的采掘工作 面,应当采用毫秒爆破.在掘进工作面应当全断面一次起爆,不能 全断面一次起爆的,必须采取安全措施.在采煤工作面可以分组 装药,但一组装药必须一次起爆. 严禁在１个采煤工作面使用多台起爆控制器同时进行爆破.

[4] 来源：煤矿安全规程2025.pdf；片段：第一百九十一条-191；得分：0.82
第一百九十一条 矿井总回风巷中甲烷或者二氧化碳浓度达 到０．７５％时,必须立即查明原因,进行处理.","[1] 严禁爆破 -> IF -> 爆破地点附近20m以内风流中甲烷浓度达到或超过1.0%（第三百九十七条；条件：甲烷浓度 >= 1.0%；证据：(二)爆破地点附近２０m 以内风流中甲烷浓度达到或者超过 １．０％）
[2] 严禁装药 -> IF -> 爆破地点附近20m以内风流中甲烷浓度达到或超过1.0%（第三百九十七条；条件：甲烷浓度 >= 1.0%；证据：(二)爆破地点附近２０m 以内风流中甲烷浓度达到或者超过 １．０％）
[3] 爆破地点附近20m以内风流中甲烷浓度达到或超过1.0% -> HAS_RISK -> 瓦斯灾害（第三百九十七条；证据：甲烷浓度达到或者超过 １．０％）
[4] 甲烷灾害 -> APPLIES_TO -> 严禁爆破（第一百九十三条；条件：爆破地点附近20m以内风流中甲烷浓度达到1.0%；证据：爆破地点附近２０m 以内风流中甲烷浓度达到１．０％时,严禁爆破）
[5] 甲烷浓度达到1.0% -> IF -> 采取措施（第一百九十二条；条件：甲烷浓度达到1.0%；证据：采区回风巷、采掘工作面回风巷风流中甲烷浓度达到１．０％时,必须采取措施）",0.1667,0.1176,0.2846,0.8148,0.0909,0.1667
R04,井下火灾,['第七百六十九条'],井下发生火灾且灾区甲烷浓度达到 2.0% 以上并继续增加时，应如何处置？,处理矿井火灾事故时，应控制烟雾蔓延，防止火灾扩大，并防止引起瓦斯、煤尘爆炸；必须指定专人检查瓦斯和煤尘，观测灾区气体和风流变化。当甲烷浓度达到 2.0% 以上并继续增加时，全部人员应立即撤离至安全地点并向指挥部报告；灭火工作必须从火源进风侧进行。,"['控制烟雾蔓延', '防止火灾扩大', '防止瓦斯煤尘爆炸', '指定专人检查瓦斯和煤尘', '甲烷浓度达到2.0%以上并继续增加', '立即撤离至安全地点', '向指挥部报告', '从火源进风侧灭火']",pure_llm,纯LLM,"风险判断：存在瓦斯爆炸高风险，威胁人员生命安全。  
依据：甲烷浓度超过爆炸下限（5%）的40%，且持续上升，极易引发爆炸。  
处置动作：立即切断灾区电源，撤出所有人员，启动应急预案，封闭火区并加强通风稀释瓦斯。  
责任分工：矿长指挥应急响应，通风部门监测气体并调整风量，救护队负责封闭和救援，安全员监督撤离。",1.829,,,0.0,0.0,0.171,0.8348,0.0,0.0
R04,井下火灾,['第七百六十九条'],井下发生火灾且灾区甲烷浓度达到 2.0% 以上并继续增加时，应如何处置？,处理矿井火灾事故时，应控制烟雾蔓延，防止火灾扩大，并防止引起瓦斯、煤尘爆炸；必须指定专人检查瓦斯和煤尘，观测灾区气体和风流变化。当甲烷浓度达到 2.0% 以上并继续增加时，全部人员应立即撤离至安全地点并向指挥部报告；灭火工作必须从火源进风侧进行。,"['控制烟雾蔓延', '防止火灾扩大', '防止瓦斯煤尘爆炸', '指定专人检查瓦斯和煤尘', '甲烷浓度达到2.0%以上并继续增加', '立即撤离至安全地点', '向指挥部报告', '从火源进风侧灭火']",vector_rag,纯向量RAG,"风险判断：井下火灾叠加甲烷浓度超2.0%且持续上升，存在爆炸和窒息双重高风险。  
依据：规程第一百九十三条明确甲烷浓度达2.0%时必须撤人断电，火灾加剧气体积聚风险。  
处置动作：立即切断灾区电源，撤出所有人员，封闭火区并启动瓦斯排放与灭火预案。  
责任分工：矿长指挥应急响应，通风部门监测气体，救护队实施封闭，安监部门监督执行。",8.113,"[1] 来源：煤矿安全规程2025.pdf；片段：第一百九十三条-193；得分：0.845
第一百九十三条 采掘工作面及其他作业地点风流中甲烷浓 度达到１．０％时,必须停止用电作业;爆破地点附近２０m 以内风流 中甲烷浓度达到１．０％时,严禁爆破. 采掘工作面及其他作业地点风流中、电动机或者其开关安设 地点附近２０m 以内风流中的甲烷浓度达到１．５％时,必须停止工 作,切断电源,撤出人员,进行处理. 采掘工作面及其他巷道内,体积大于０．５m ３ 的空间内积聚的 甲烷浓度达到２．０％时,附近２０m 内必须停止工作,撤出人员,切 断电源,进行处理. 第一 百 九 十 四 条 采 掘 工 作 面 风 流 中 二 氧 化 碳 浓 度 达 到 ５ — — ７ １．５％时,必 须 停 止 工 作,撤 出 人 员,查 明 原 因,制 定 措 施,进 行 处理.

[2] 来源：煤矿安全规程2025.pdf；片段：第一百九十五条-194；得分：0.8325
第一百九十五条 修复旧井巷时,必须首先检查瓦斯.当瓦 斯积聚时,必须按照规定排放,只有在回风流中甲烷浓度不超过 １．０％、二氧化碳浓度不超过１．５％、空气成分符合本规程第一百 五十六条的要求时,才能作业.

[3] 来源：煤矿安全规程2025.pdf；片段：第一百九十一条-191；得分：0.8298
第一百九十一条 矿井总回风巷中甲烷或者二氧化碳浓度达 到０．７５％时,必须立即查明原因,进行处理.

[4] 来源：煤矿安全规程2025.pdf；片段：第二百八十三条-281；得分：0.8192
第二百八十三条 封闭的火区,只有经取样化验证实火已熄 灭后,方可启封或者注销. 火区同时具备下列条件时,方可认为火已熄灭: (一)火区内的空气温度下降到３０℃以下,或者与火灾发生前 该区的日常空气温度相同. (二)火区内空气中的氧气浓度降到５．０％以下. (三)火区内空气中不含有乙烯、乙炔,一氧化碳浓度在封闭期 间内逐渐下降,并稳定在０．００１％以下. (四)火区的出水温度低于２５℃,或者与火灾发生前该区的日 常出水温度相同. (五)上述４项指标持续稳定１个月以上. ０ — １ — １",,0.0,0.0,0.2143,0.8452,0.0,0.0
R04,井下火灾,['第七百六十九条'],井下发生火灾且灾区甲烷浓度达到 2.0% 以上并继续增加时，应如何处置？,处理矿井火灾事故时，应控制烟雾蔓延，防止火灾扩大，并防止引起瓦斯、煤尘爆炸；必须指定专人检查瓦斯和煤尘，观测灾区气体和风流变化。当甲烷浓度达到 2.0% 以上并继续增加时，全部人员应立即撤离至安全地点并向指挥部报告；灭火工作必须从火源进风侧进行。,"['控制烟雾蔓延', '防止火灾扩大', '防止瓦斯煤尘爆炸', '指定专人检查瓦斯和煤尘', '甲烷浓度达到2.0%以上并继续增加', '立即撤离至安全地点', '向指挥部报告', '从火源进风侧灭火']",hybrid_graph,混合图检索策略,"风险判断：井下火灾伴随甲烷浓度达2.0%以上且持续上升，存在爆炸和窒息重大风险。  
依据：规程第一百九十三条及知识图谱第七百六十九条明确甲烷浓度达2.0%以上并继续增加时必须撤离。  
处置动作：立即停止作业，切断电源，组织全部人员沿避灾路线撤离至安全地点。  
责任分工：现场带班矿领导负责组织撤离，瓦斯检查员监测气体变化，调度室启动应急响应。",1.73,"[1] 来源：煤矿安全规程2025.pdf；片段：第一百九十三条-193；得分：0.845
第一百九十三条 采掘工作面及其他作业地点风流中甲烷浓 度达到１．０％时,必须停止用电作业;爆破地点附近２０m 以内风流 中甲烷浓度达到１．０％时,严禁爆破. 采掘工作面及其他作业地点风流中、电动机或者其开关安设 地点附近２０m 以内风流中的甲烷浓度达到１．５％时,必须停止工 作,切断电源,撤出人员,进行处理. 采掘工作面及其他巷道内,体积大于０．５m ３ 的空间内积聚的 甲烷浓度达到２．０％时,附近２０m 内必须停止工作,撤出人员,切 断电源,进行处理. 第一 百 九 十 四 条 采 掘 工 作 面 风 流 中 二 氧 化 碳 浓 度 达 到 ５ — — ７ １．５％时,必 须 停 止 工 作,撤 出 人 员,查 明 原 因,制 定 措 施,进 行 处理.

[2] 来源：煤矿安全规程2025.pdf；片段：第一百九十五条-194；得分：0.8325
第一百九十五条 修复旧井巷时,必须首先检查瓦斯.当瓦 斯积聚时,必须按照规定排放,只有在回风流中甲烷浓度不超过 １．０％、二氧化碳浓度不超过１．５％、空气成分符合本规程第一百 五十六条的要求时,才能作业.

[3] 来源：煤矿安全规程2025.pdf；片段：第一百九十一条-191；得分：0.8298
第一百九十一条 矿井总回风巷中甲烷或者二氧化碳浓度达 到０．７５％时,必须立即查明原因,进行处理.

[4] 来源：煤矿安全规程2025.pdf；片段：第二百八十三条-281；得分：0.8192
第二百八十三条 封闭的火区,只有经取样化验证实火已熄 灭后,方可启封或者注销. 火区同时具备下列条件时,方可认为火已熄灭: (一)火区内的空气温度下降到３０℃以下,或者与火灾发生前 该区的日常空气温度相同. (二)火区内空气中的氧气浓度降到５．０％以下. (三)火区内空气中不含有乙烯、乙炔,一氧化碳浓度在封闭期 间内逐渐下降,并稳定在０．００１％以下. (四)火区的出水温度低于２５℃,或者与火灾发生前该区的日 常出水温度相同. (五)上述４项指标持续稳定１个月以上. ０ — １ — １","[1] 检查瓦斯和煤尘浓度 -> IF -> 撤离至安全地点（第七百六十九条；条件：甲烷浓度达到2.0%以上并继续增加；证据：当甲烷浓度达到２．０％以上并继续增加时,全部人员立即撤离）
[2] 甲烷浓度达到1.0% -> IF -> 停机闭锁（第一百九十二条；条件：甲烷浓度达到1.0%；证据：采区回风巷、采掘工作面回风巷风流中甲烷浓度达到１．０％时,必须停止工作）
[3] 甲烷浓度达到1.0% -> IF -> 撤出人员（第一百九十二条；条件：甲烷浓度达到1.0%；证据：采区回风巷、采掘工作面回风巷风流中甲烷浓度达到１．０％时,必须撤出人员）
[4] 甲烷浓度达到1.0% -> IF -> 进行处理（第一百九十二条；条件：甲烷浓度达到1.0%；证据：采区回风巷、采掘工作面回风巷风流中甲烷浓度达到１．０％时,必须进行处理）
[5] 甲烷浓度达到1.0% -> IF -> 采取措施（第一百九十二条；条件：甲烷浓度达到1.0%；证据：采区回风巷、采掘工作面回风巷风流中甲烷浓度达到１．０％时,必须采取措施）",0.0,0.0,0.2797,0.8454,0.0,0.0
R05,瓦斯（煤尘）爆炸事故,['第七百七十条'],发生瓦斯（煤尘）爆炸事故后，灾区最先应执行哪些措施？,处理瓦斯（煤尘）爆炸事故时，应立即切断灾区电源，检查灾区内有害气体浓度、温度及通风设施破坏情况；发现有再次爆炸危险时，必须立即撤离至安全地点；进入灾区行动要谨慎，防止碰撞产生火花；经探察确认或者分析认定人员已经遇难并且没有火源时，必须先恢复灾区通风，再进行处理。,"['立即切断灾区电源', '检查有害气体浓度', '检查温度', '检查通风设施破坏情况', '发现再次爆炸危险立即撤离', '谨慎进入灾区', '无火源时先恢复通风再处理']",pure_llm,纯LLM,"风险判断：灾区存在二次爆炸、有毒有害气体积聚及顶板垮塌等高风险。  
依据：瓦斯（煤尘）爆炸后易引发连锁反应，且通风系统可能破坏，人员面临窒息、中毒和坍塌威胁。  
处置动作：立即切断灾区电源，停止局部通风机运行，防止电火花引发二次爆炸，并迅速组织撤出受威胁区域人员。  
责任分工：现场带班领导或安全员负责指挥撤人，救护队负责搜救和气体检测，通风部门恢复通风系统。",2.452,,,0.0,0.0,0.2295,0.8116,0.0,0.0
R05,瓦斯（煤尘）爆炸事故,['第七百七十条'],发生瓦斯（煤尘）爆炸事故后，灾区最先应执行哪些措施？,处理瓦斯（煤尘）爆炸事故时，应立即切断灾区电源，检查灾区内有害气体浓度、温度及通风设施破坏情况；发现有再次爆炸危险时，必须立即撤离至安全地点；进入灾区行动要谨慎，防止碰撞产生火花；经探察确认或者分析认定人员已经遇难并且没有火源时，必须先恢复灾区通风，再进行处理。,"['立即切断灾区电源', '检查有害气体浓度', '检查温度', '检查通风设施破坏情况', '发现再次爆炸危险立即撤离', '谨慎进入灾区', '无火源时先恢复通风再处理']",vector_rag,纯向量RAG,"风险判断：瓦斯（煤尘）爆炸后存在二次爆炸、有害气体积聚及通风系统破坏等重大风险。  
依据：规程第七百七十条明确规定处理瓦斯（煤尘）爆炸事故的首要措施。  
处置动作：立即切断灾区电源，检查有害气体浓度、温度及通风设施状况，确认无再次爆炸危险后方可进入。  
责任分工：由矿山救护队或现场指挥人员组织执行断电、气体检测及安全评估，确保人员安全撤离或进入。",11.954,"[1] 来源：煤矿安全规程2025.pdf；片段：第七百七十条-759；得分：0.9335
第七百七十条 处理瓦斯(煤尘)爆炸事故时,应当遵守下列 规定: (一)立即切断灾区电源. (二)检查灾区内有害气体的浓度、温度及通风设施破坏情况, 发现有再次爆炸危险时,必须立即撤离至安全地点. (三)进入灾区行动要谨慎,防止碰撞产生火花,引起爆炸. (四)经探察确认或者分析认定人员已经遇难,并且没有火源 时,必须先恢复灾区通风,再进行处理.

[2] 来源：煤矿安全规程2025.pdf；片段：第七百六十九条-758；得分：0.8628
第七百六十九条 处理矿井火灾事故时,应当遵守下列规定: (一)控制烟雾的蔓延,防止火灾扩大. (二)防止引起瓦斯、煤尘爆炸.必须指定专人检查瓦斯和煤 尘,观测灾区的气体和风流变化.当甲烷浓度达到２．０％以上并 继续增加时,全部人员立即撤离至安全地点并向指挥部报告. (三)处理上、下山火灾时,必须采取措施,防止因火风压造成 风流逆转和巷道垮塌造成风流受阻. (四)处理进风井井口、井筒、井底车场、总进风巷和硐室火灾 时,应当进行全矿井反风.反风前,必须将火源进风侧的人员撤 出,并采取阻止火灾蔓延的措施.多台主要通风机联合通风的矿 井反风时,要保证非事故区域的主要通风机先反风,事故区域的主 要通风机后反风.采取风流短路措施时,必须将受影响区域内的 人员全部撤出. (五)处理掘进工作面火灾时,应当保持原有的通风状态,进行 探察后再采取措施. (六)处理爆炸物品库火灾时,应当首先将雷管运出,然后将其 他爆炸物品运出;因高温或者爆炸危险不能运出时,应当关闭防火 门,退至安全地点. (七)处理绞车房火灾时,应当将火源下方的矿车固定,防止烧 断钢丝绳造成跑车伤人. (八)处理蓄电池电机车库火灾时,应当切断电源,采取措施, ８ — ８ — ２ 防止氢气爆炸. (九)灭火工作必须从火源进风侧进行.用水灭火时,水流应 当从火源外围喷射,逐步逼向火源的中心;必须有充足的风量和畅 通的回风巷,防止水煤气爆炸.

[3] 来源：煤矿安全规程2025.pdf；片段：第四百零六条-403；得分：0.8416
第四百零六条 爆破后,待工作面的炮烟被吹散,爆破员、瓦 斯检查工和班组长必须首先巡视爆破地点,检查通风、瓦斯、煤尘、 顶板、支架、拒爆、残爆等情况.发现危险情况,必须立即处理.

[4] 来源：煤矿安全规程2025.pdf；片段：第二百八十四条-282；得分：0.839
第二百八十四条 启封已熄灭的火区前,必须制定安全措施. 启封火区时,应当逐段恢复通风,同时测定回风流中的一氧化 碳、甲烷浓度和风流温度.发现复燃征兆时,必须立即停止向火区 送风,并重新封闭火区. 启封火区和恢复火区初期通风等工作,必须由矿山救护队负 责进行,火区回风风流所经过巷道中的人员必须全部撤出. 在启封火区工作完毕后的３天内,每班必须由矿山救护队检 查通风工作,并测定水温、空气温度和空气成分.只有在确认火区 完全熄灭、通风等情况良好后,方可进行生产工作.",,0.0,0.0,0.3545,0.8888,0.0,0.0
R05,瓦斯（煤尘）爆炸事故,['第七百七十条'],发生瓦斯（煤尘）爆炸事故后，灾区最先应执行哪些措施？,处理瓦斯（煤尘）爆炸事故时，应立即切断灾区电源，检查灾区内有害气体浓度、温度及通风设施破坏情况；发现有再次爆炸危险时，必须立即撤离至安全地点；进入灾区行动要谨慎，防止碰撞产生火花；经探察确认或者分析认定人员已经遇难并且没有火源时，必须先恢复灾区通风，再进行处理。,"['立即切断灾区电源', '检查有害气体浓度', '检查温度', '检查通风设施破坏情况', '发现再次爆炸危险立即撤离', '谨慎进入灾区', '无火源时先恢复通风再处理']",hybrid_graph,混合图检索策略,"风险判断：瓦斯（煤尘）爆炸后存在二次爆炸、有害气体中毒及火源复燃风险。  
依据：规程第七百七十条明确处理瓦斯（煤尘）爆炸事故的首要措施是切断电源并检测气体。  
处置动作：立即切断灾区电源，检测有害气体浓度、温度及通风状况，确认无再次爆炸风险后方可进入。  
责任分工：由矿山救护队负责现场处置，瓦斯检查工协同监测气体，班组长组织人员撤离与警戒。",1.853,"[1] 来源：煤矿安全规程2025.pdf；片段：第七百七十条-759；得分：0.9335
第七百七十条 处理瓦斯(煤尘)爆炸事故时,应当遵守下列 规定: (一)立即切断灾区电源. (二)检查灾区内有害气体的浓度、温度及通风设施破坏情况, 发现有再次爆炸危险时,必须立即撤离至安全地点. (三)进入灾区行动要谨慎,防止碰撞产生火花,引起爆炸. (四)经探察确认或者分析认定人员已经遇难,并且没有火源 时,必须先恢复灾区通风,再进行处理.

[2] 来源：煤矿安全规程2025.pdf；片段：第七百六十九条-758；得分：0.8628
第七百六十九条 处理矿井火灾事故时,应当遵守下列规定: (一)控制烟雾的蔓延,防止火灾扩大. (二)防止引起瓦斯、煤尘爆炸.必须指定专人检查瓦斯和煤 尘,观测灾区的气体和风流变化.当甲烷浓度达到２．０％以上并 继续增加时,全部人员立即撤离至安全地点并向指挥部报告. (三)处理上、下山火灾时,必须采取措施,防止因火风压造成 风流逆转和巷道垮塌造成风流受阻. (四)处理进风井井口、井筒、井底车场、总进风巷和硐室火灾 时,应当进行全矿井反风.反风前,必须将火源进风侧的人员撤 出,并采取阻止火灾蔓延的措施.多台主要通风机联合通风的矿 井反风时,要保证非事故区域的主要通风机先反风,事故区域的主 要通风机后反风.采取风流短路措施时,必须将受影响区域内的 人员全部撤出. (五)处理掘进工作面火灾时,应当保持原有的通风状态,进行 探察后再采取措施. (六)处理爆炸物品库火灾时,应当首先将雷管运出,然后将其 他爆炸物品运出;因高温或者爆炸危险不能运出时,应当关闭防火 门,退至安全地点. (七)处理绞车房火灾时,应当将火源下方的矿车固定,防止烧 断钢丝绳造成跑车伤人. (八)处理蓄电池电机车库火灾时,应当切断电源,采取措施, ８ — ８ — ２ 防止氢气爆炸. (九)灭火工作必须从火源进风侧进行.用水灭火时,水流应 当从火源外围喷射,逐步逼向火源的中心;必须有充足的风量和畅 通的回风巷,防止水煤气爆炸.

[3] 来源：煤矿安全规程2025.pdf；片段：第四百零六条-403；得分：0.8416
第四百零六条 爆破后,待工作面的炮烟被吹散,爆破员、瓦 斯检查工和班组长必须首先巡视爆破地点,检查通风、瓦斯、煤尘、 顶板、支架、拒爆、残爆等情况.发现危险情况,必须立即处理.

[4] 来源：煤矿安全规程2025.pdf；片段：第二百八十四条-282；得分：0.839
第二百八十四条 启封已熄灭的火区前,必须制定安全措施. 启封火区时,应当逐段恢复通风,同时测定回风流中的一氧化 碳、甲烷浓度和风流温度.发现复燃征兆时,必须立即停止向火区 送风,并重新封闭火区. 启封火区和恢复火区初期通风等工作,必须由矿山救护队负 责进行,火区回风风流所经过巷道中的人员必须全部撤出. 在启封火区工作完毕后的３天内,每班必须由矿山救护队检 查通风工作,并测定水温、空气温度和空气成分.只有在确认火区 完全熄灭、通风等情况良好后,方可进行生产工作.","[1] 水灾事故 -> APPLIES_TO -> 防止发生瓦斯爆炸（第七百七十二条；证据：防止发生瓦斯爆炸）
[2] 加强灾区气体检测 -> NEXT -> 防止发生瓦斯爆炸（第七百七十二条；证据：加强灾区气体检测,防止发生瓦斯爆炸）
[3] 瓦斯(煤尘)爆炸 -> APPLIES_TO -> 切断灾区电源（第七百七十条；证据：处理瓦斯(煤尘)爆炸事故时,应当遵守下列规定: (一)立即切断灾区电源.）
[4] 加强灾区气体检测 -> NEXT -> 防止有害气体中毒、窒息事故（第七百七十二条；证据：加强灾区气体检测,防止发生瓦斯爆炸和有害气体中毒、窒息事故）
[5] 加强灾区气体检测 -> NEXT -> prevent_asphyxiation（第七百七十二条；证据：加强灾区气体检测,防止发生瓦斯爆炸和有害气体中毒、窒息事故）",0.0,0.0,0.3108,0.9043,0.0,0.0
R06,透水征兆,['第二百九十二条'],采掘工作面出现挂红、挂汗、底板鼓起和钻孔喷水等透水征兆时，应如何处置？,采掘工作面或者其他地点发现煤层变湿、挂红、挂汗、底板鼓起、裂隙渗水、钻孔喷水等透水征兆时，应当立即停止作业，撤出所有受水患威胁地点的人员，报告矿调度室，并发出警报；在原因未查清、隐患未排除之前，不得进行任何采掘活动。,"['挂红', '挂汗', '底板鼓起', '钻孔喷水', '立即停止作业', '撤出受水患威胁人员', '报告矿调度室', '发出警报', '原因未查清前不得采掘']",pure_llm,纯LLM,"风险判断：存在透水事故高风险，可能引发淹井、人员伤亡。  
依据：挂红、挂汗、底板鼓起和钻孔喷水均为典型透水前兆，表明地下水或老空水即将突破岩层。  
处置动作：立即停止作业，撤出所有受威胁区域人员，切断电源，报告调度室，启动应急预案。  
责任分工：现场带班人员负责组织撤离，调度室协调救援，技术部门分析水源并制定探放水方案，安全部门监督措施落实。",2.413,,,0.0,0.0,0.3358,0.7512,0.0,0.0
R06,透水征兆,['第二百九十二条'],采掘工作面出现挂红、挂汗、底板鼓起和钻孔喷水等透水征兆时，应如何处置？,采掘工作面或者其他地点发现煤层变湿、挂红、挂汗、底板鼓起、裂隙渗水、钻孔喷水等透水征兆时，应当立即停止作业，撤出所有受水患威胁地点的人员，报告矿调度室，并发出警报；在原因未查清、隐患未排除之前，不得进行任何采掘活动。,"['挂红', '挂汗', '底板鼓起', '钻孔喷水', '立即停止作业', '撤出受水患威胁人员', '报告矿调度室', '发出警报', '原因未查清前不得采掘']",vector_rag,纯向量RAG,"风险判断：采掘工作面出现透水征兆，存在突水淹井重大安全风险。  
依据：规程第二百九十二条明确列出挂红、挂汗、底板鼓起、钻孔喷水等为透水征兆，必须立即响应。  
处置动作：立即停止作业，撤出受威胁区域人员，报告矿调度室并发出警报，查明原因前严禁恢复作业。  
责任分工：现场带班人员负责指挥撤人，调度室组织应急处置，技术部门负责隐患排查与治理。",1.66,"[1] 来源：煤矿安全规程2025.pdf；片段：第二百九十二条-290；得分：0.9047
第二百九十二条 采掘工作面或者其他地点发现有煤层变 湿、挂红、挂汗、空气变冷、出现雾气、水叫、顶板来压、片帮、淋水加 大、底板鼓起或者裂隙渗水、钻孔喷水、煤壁溃水、水色发浑、有臭 味等透水征兆时,应当立即停止作业,撤出所有受水患威胁地点的 人员,报告矿调度室,并发出警报.在原因未查清、隐患未排除之 前,不得进行任何采掘活动. 第二节 地面防治水

[2] 来源：煤矿安全规程2025.pdf；片段：第六百五十条-641；得分：0.882
第六百五十条 地层含水影响采矿工程正常进行时,应当进 行疏干,疏干工程应当超前于采矿工程. 因疏干地层含水地面出现裂缝、塌陷时,应当圈定范围加以防 护、设置警示标志,并采取安全措施;(半)地下疏干泵房应当设通 风装置.

[3] 来源：煤矿安全规程2025.pdf；片段：第七百零六条-696；得分：0.8677
第七百零六条 井工煤矿掘进井巷和硐室时,必须采取湿式 ２ — ７ — ２ 钻眼、冲洗井壁巷帮、水炮泥、爆破喷雾、装岩(煤)洒水和净化风流 等综合防尘措施.

[4] 来源：煤矿安全规程2025.pdf；片段：第七百零八条-698；得分：0.8448
第七百零八条 井工煤矿在煤、岩层中钻孔作业时,应当采取 湿式降尘等措施. 在冻结 法 凿 井 和 在 遇 水 膨 胀 的 岩 层 中 不 能 采 用 湿 式 钻 眼 (孔)、突出煤层或者松软煤层中施工瓦斯抽采钻孔难以采取湿式 钻孔作业时,可以采取干式钻孔(眼),并采取除尘器除尘等措施.",,0.0,0.0,0.4428,0.7427,0.0,0.0
R06,透水征兆,['第二百九十二条'],采掘工作面出现挂红、挂汗、底板鼓起和钻孔喷水等透水征兆时，应如何处置？,采掘工作面或者其他地点发现煤层变湿、挂红、挂汗、底板鼓起、裂隙渗水、钻孔喷水等透水征兆时，应当立即停止作业，撤出所有受水患威胁地点的人员，报告矿调度室，并发出警报；在原因未查清、隐患未排除之前，不得进行任何采掘活动。,"['挂红', '挂汗', '底板鼓起', '钻孔喷水', '立即停止作业', '撤出受水患威胁人员', '报告矿调度室', '发出警报', '原因未查清前不得采掘']",hybrid_graph,混合图检索策略,"风险判断：采掘工作面出现挂红、挂汗、底板鼓起和钻孔喷水等透水征兆，表明存在突水风险。  
依据：根据《煤矿安全规程》第二百九十二条，上述现象属于透水征兆，必须立即响应。  
处置动作：立即停止作业，撤出受威胁区域人员，报告调度室并发出警报，待隐患排除前严禁采掘。  
责任分工：现场作业人员负责停止作业和撤离，班组长组织撤离并报告，调度室启动应急响应并协调处置。",1.29,"[1] 来源：煤矿安全规程2025.pdf；片段：第二百九十二条-290；得分：0.9047
第二百九十二条 采掘工作面或者其他地点发现有煤层变 湿、挂红、挂汗、空气变冷、出现雾气、水叫、顶板来压、片帮、淋水加 大、底板鼓起或者裂隙渗水、钻孔喷水、煤壁溃水、水色发浑、有臭 味等透水征兆时,应当立即停止作业,撤出所有受水患威胁地点的 人员,报告矿调度室,并发出警报.在原因未查清、隐患未排除之 前,不得进行任何采掘活动. 第二节 地面防治水

[2] 来源：煤矿安全规程2025.pdf；片段：第六百五十条-641；得分：0.882
第六百五十条 地层含水影响采矿工程正常进行时,应当进 行疏干,疏干工程应当超前于采矿工程. 因疏干地层含水地面出现裂缝、塌陷时,应当圈定范围加以防 护、设置警示标志,并采取安全措施;(半)地下疏干泵房应当设通 风装置.

[3] 来源：煤矿安全规程2025.pdf；片段：第七百零六条-696；得分：0.8677
第七百零六条 井工煤矿掘进井巷和硐室时,必须采取湿式 ２ — ７ — ２ 钻眼、冲洗井壁巷帮、水炮泥、爆破喷雾、装岩(煤)洒水和净化风流 等综合防尘措施.

[4] 来源：煤矿安全规程2025.pdf；片段：第七百零八条-698；得分：0.8448
第七百零八条 井工煤矿在煤、岩层中钻孔作业时,应当采取 湿式降尘等措施. 在冻结 法 凿 井 和 在 遇 水 膨 胀 的 岩 层 中 不 能 采 用 湿 式 钻 眼 (孔)、突出煤层或者松软煤层中施工瓦斯抽采钻孔难以采取湿式 钻孔作业时,可以采取干式钻孔(眼),并采取除尘器除尘等措施.","[1] 透水征兆 -> IF -> 水害（第二百九十二条；证据：采掘工作面或者其他地点发现有煤层变湿、挂红、挂汗、空气变冷、出现雾气、水叫、顶板来压、片帮、淋水加大、底板鼓起或者裂隙渗水、钻孔喷水、煤壁溃水、水色发浑、有臭味等透水征兆时）
[2] 水害 -> APPLIES_TO -> 停止施工（第三百二十一条；条件：near_flooded_area；证据：采掘工作面遇有下列情况之一时,应当立即停止施工）
[3] 突水风险 -> APPLIES_TO -> 停止钻进（第三百二十六条；条件：煤岩松软、片帮、来压、水压水量突然增大、顶钻；证据：发现煤岩松软、片帮、来压或者钻孔中水压、水量突然增大和顶钻等突(透)水征兆时,应当立即停止钻进）
[4] 突水风险 -> HAS_RISK -> 顶钻（第三百二十六条；证据：发现...顶钻等突(透)水征兆）
[5] 突水风险 -> HAS_RISK -> 来压（第三百二十六条；证据：发现...来压...等突(透)水征兆）",0.0,0.0,0.4357,0.8375,0.0,0.0
R07,水灾事故救援,['第七百七十二条'],发生水灾事故并存在人员被堵时，应依据哪些条件制定救灾方案，并采取哪些救援措施？,处理水灾事故时，应迅速了解和分析水源、突水点、影响范围、事故前人员分布、矿井具有生存条件的地点及其进入通道等情况；应根据被堵人员所在地点的空间、氧气、瓦斯浓度以及救出被困人员所需的大致时间制定救灾方案；同时应尽快恢复灾区通风，加强灾区气体检测，并根据情况综合采取排水、堵水和向井下人员被困位置打钻等措施。,"['分析水源和突水点', '分析影响范围', '分析事故前人员分布', '分析生存地点及通道', '根据空间氧气瓦斯浓度和救出所需时间制定方案', '恢复通风', '加强气体检测', '排水', '堵水', '向被困位置打钻']",pure_llm,纯LLM,"风险判断：水灾导致巷道淹没、通风中断，存在人员被困、窒息、溺水及二次透水风险。  
依据：根据现场水文地质条件、被困人员位置、水位上涨速度、通风及排水系统状况制定方案。  
处置动作：立即启动应急预案，切断电源，组织排水，恢复通风，利用钻孔或救生通道输送氧气与物资，实施精准搜救。  
责任分工：矿长统一指挥，技术组制定方案，救护队实施救援，通风与机电部门保障系统运行，后勤组提供物资支持。",2.007,,,0.1,0.1,0.1716,0.7412,0.1,0.1
R07,水灾事故救援,['第七百七十二条'],发生水灾事故并存在人员被堵时，应依据哪些条件制定救灾方案，并采取哪些救援措施？,处理水灾事故时，应迅速了解和分析水源、突水点、影响范围、事故前人员分布、矿井具有生存条件的地点及其进入通道等情况；应根据被堵人员所在地点的空间、氧气、瓦斯浓度以及救出被困人员所需的大致时间制定救灾方案；同时应尽快恢复灾区通风，加强灾区气体检测，并根据情况综合采取排水、堵水和向井下人员被困位置打钻等措施。,"['分析水源和突水点', '分析影响范围', '分析事故前人员分布', '分析生存地点及通道', '根据空间氧气瓦斯浓度和救出所需时间制定方案', '恢复通风', '加强气体检测', '排水', '堵水', '向被困位置打钻']",vector_rag,纯向量RAG,"风险判断：水灾事故导致人员被困，存在窒息、瓦斯爆炸及二次突水等高风险。  
依据：依据《煤矿安全规程2025》第七百七十二条，需分析水源、突水点、影响范围、被困人员位置及生存条件，结合氧气、瓦斯浓度和救援时间制定方案。  
处置动作：迅速恢复灾区通风，加强气体检测，综合采取排水、堵水和向被困位置打钻等措施，排水后探察时严防冒顶和二次突水。  
责任分工：救援指挥部负责制定抢救方案，专职救护队执行探察与救援，至少由一名中队以上指挥员带队，确保行动安全有序。",2.057,"[1] 来源：煤矿安全规程2025.pdf；片段：第七百七十二条-761；得分：0.9106
第七百七十二条 处理水灾事故时,应当遵守下列规定: (一)迅速了解和分析水源、突水点、影响范围、事故前人员分 ９ — ８ — ２ 布、矿井具有生存条件的地点及其进入的通道等情况.根据被堵 人员所在地点的空间、氧气、瓦斯浓度以及救出被困人员所需的大 致时间制定相应救灾方案. (二)尽快恢复灾区通风,加强灾区气体检测,防止发生瓦斯爆 炸和有害气体中毒、窒息事故. (三)根据情况综合采取排水、堵水和向井下人员被困位置打 钻等措施. (四)排水后进行探察抢险时,注意防止冒顶和二次突水事故 的发生.

[2] 来源：煤矿安全规程2025.pdf；片段：第七百六十五条-754；得分：0.8797
第七百六十五条 处理灾变事故时,应当撤出灾区所有人员, 准确统计井下人数,严格控制入井人数;提供救援需要的图纸和技 术资料;组织人力、调配装备和物资参加抢险救援,做好后勤保障 工作.

[3] 来源：煤矿安全规程2025.pdf；片段：第七百六十二条-751；得分：0.8708
第七百六十二条 矿井发生灾害事故后,必须首先组织专职 救护队进行灾区探察,探明灾区情况.救援指挥部应当根据灾害 性质,事故发生地点、波及范围,灾区人员分布、可能存在的危险因 素,以及救援的人力和物力,制定抢救方案和安全保障措施. 专职救护队执行灾区探察任务和实施救援时,必须至少有１ 名中队或者中队以上指挥员带队.

[4] 来源：煤矿安全规程2025.pdf；片段：第七百七十五条-764；得分：0.8434
第七百七十五条 处理露天矿边坡和排土场滑坡事故时,应 当遵守下列规定: (一)在事故现场设置警戒区域和警示牌,禁止人员进入警戒 区域. (二)救 援 人 员 和 抢 险 设 备 必 须 从 滑 体 两 侧 安 全 区 域 实 施 救援. (三)应当对救援区域、滑体及周边进行监测,发现有威胁救援 人员安全的情况时立即撤离. 附 则",,0.1,0.1,0.3978,0.8301,0.1,0.1
R07,水灾事故救援,['第七百七十二条'],发生水灾事故并存在人员被堵时，应依据哪些条件制定救灾方案，并采取哪些救援措施？,处理水灾事故时，应迅速了解和分析水源、突水点、影响范围、事故前人员分布、矿井具有生存条件的地点及其进入通道等情况；应根据被堵人员所在地点的空间、氧气、瓦斯浓度以及救出被困人员所需的大致时间制定救灾方案；同时应尽快恢复灾区通风，加强灾区气体检测，并根据情况综合采取排水、堵水和向井下人员被困位置打钻等措施。,"['分析水源和突水点', '分析影响范围', '分析事故前人员分布', '分析生存地点及通道', '根据空间氧气瓦斯浓度和救出所需时间制定方案', '恢复通风', '加强气体检测', '排水', '堵水', '向被困位置打钻']",hybrid_graph,混合图检索策略,"风险判断：水灾事故导致人员被困，存在窒息、瓦斯爆炸及二次突水风险。  
依据：根据水源、突水点、影响范围、被困人员位置及生存条件制定方案（第七百七十二条）。  
处置动作：恢复通风、检测气体、排水堵水、打钻救援，防止冒顶和二次突水（第七百七十二条、第七百六十二条）。  
责任分工：救援指挥部制定方案，专职救护队探察并实施救援，须有中队以上指挥员带队（第七百六十二条）。",2.381,"[1] 来源：煤矿安全规程2025.pdf；片段：第七百七十二条-761；得分：0.9106
第七百七十二条 处理水灾事故时,应当遵守下列规定: (一)迅速了解和分析水源、突水点、影响范围、事故前人员分 ９ — ８ — ２ 布、矿井具有生存条件的地点及其进入的通道等情况.根据被堵 人员所在地点的空间、氧气、瓦斯浓度以及救出被困人员所需的大 致时间制定相应救灾方案. (二)尽快恢复灾区通风,加强灾区气体检测,防止发生瓦斯爆 炸和有害气体中毒、窒息事故. (三)根据情况综合采取排水、堵水和向井下人员被困位置打 钻等措施. (四)排水后进行探察抢险时,注意防止冒顶和二次突水事故 的发生.

[2] 来源：煤矿安全规程2025.pdf；片段：第七百六十五条-754；得分：0.8797
第七百六十五条 处理灾变事故时,应当撤出灾区所有人员, 准确统计井下人数,严格控制入井人数;提供救援需要的图纸和技 术资料;组织人力、调配装备和物资参加抢险救援,做好后勤保障 工作.

[3] 来源：煤矿安全规程2025.pdf；片段：第七百六十二条-751；得分：0.8708
第七百六十二条 矿井发生灾害事故后,必须首先组织专职 救护队进行灾区探察,探明灾区情况.救援指挥部应当根据灾害 性质,事故发生地点、波及范围,灾区人员分布、可能存在的危险因 素,以及救援的人力和物力,制定抢救方案和安全保障措施. 专职救护队执行灾区探察任务和实施救援时,必须至少有１ 名中队或者中队以上指挥员带队.

[4] 来源：煤矿安全规程2025.pdf；片段：第七百七十五条-764；得分：0.8434
第七百七十五条 处理露天矿边坡和排土场滑坡事故时,应 当遵守下列规定: (一)在事故现场设置警戒区域和警示牌,禁止人员进入警戒 区域. (二)救 援 人 员 和 抢 险 设 备 必 须 从 滑 体 两 侧 安 全 区 域 实 施 救援. (三)应当对救援区域、滑体及周边进行监测,发现有威胁救援 人员安全的情况时立即撤离. 附 则","[1] 经煤矿总工程师批准 -> NEXT -> 由矿山救护队实施（第二百八十二条；证据：必须按照«矿山救援规程»由矿山救护队实施）
[2] 由矿山救护队实施 -> IF -> 气体浓度符合本规程第一百五十六条规定（第二百八十二条；证据：气体浓度符合本规程第一百五十六条规定）
[3] 制定抢救方案和安全保障措施 -> PERFORMED_BY -> 救援指挥部（第七百六十二条；证据：救援指挥部应当根据...制定抢救方案）
[4] 救援现场灾害 -> IF -> 复杂事故（第七百六十三条；证据：在重特大事故或者复杂事故救援现场）
[5] 救援现场灾害 -> IF -> 重特大事故（第七百六十三条；证据：在重特大事故或者复杂事故救援现场）",0.1,0.1053,0.25,0.6844,0.1111,0.1
R08,顶板事故救援,['第七百七十三条'],发生顶板事故且通风一时无法恢复时，对被困人员应采取什么救援措施？,处理顶板事故时，应迅速恢复冒顶区的通风；如不能恢复，应当利用压风管、水管或者打钻向被困人员供给新鲜空气、饮料和食物；同时应指定专人检查甲烷浓度、观察顶板和周围支护情况，发现异常立即撤出人员，并加强巷道支护，防止发生二次冒顶、片帮，保证退路安全畅通。,"['恢复冒顶区通风', '不能恢复时利用压风管水管或打钻供给新鲜空气', '供给饮料和食物', '指定专人检查甲烷浓度', '观察顶板和支护', '异常立即撤人', '加强巷道支护', '防止二次冒顶和片帮', '保证退路安全畅通']",pure_llm,纯LLM,"风险判断：顶板事故导致通风中断，被困人员面临缺氧、有毒有害气体积聚及二次冒顶风险。  
依据：矿井通风中断会迅速恶化井下环境，威胁生命，需快速建立临时通风并防止灾害扩大。  
处置动作：立即启动应急预案，利用局部通风机、风筒或压风管路向被困区域供风，同时加固巷道支护，防止冒顶扩大，组织专业队伍携带呼吸器进入搜救。  
责任分工：矿长统一指挥，通风部门负责恢复通风，救护队实施救援，安全部门监控现场风险，医疗组待命救治。",3.082,,,0.0,0.0,0.2215,0.7492,0.0,0.0
R08,顶板事故救援,['第七百七十三条'],发生顶板事故且通风一时无法恢复时，对被困人员应采取什么救援措施？,处理顶板事故时，应迅速恢复冒顶区的通风；如不能恢复，应当利用压风管、水管或者打钻向被困人员供给新鲜空气、饮料和食物；同时应指定专人检查甲烷浓度、观察顶板和周围支护情况，发现异常立即撤出人员，并加强巷道支护，防止发生二次冒顶、片帮，保证退路安全畅通。,"['恢复冒顶区通风', '不能恢复时利用压风管水管或打钻供给新鲜空气', '供给饮料和食物', '指定专人检查甲烷浓度', '观察顶板和支护', '异常立即撤人', '加强巷道支护', '防止二次冒顶和片帮', '保证退路安全畅通']",vector_rag,纯向量RAG,"风险判断：顶板事故导致通风中断，被困人员面临缺氧、有毒气体积聚及二次冒顶风险。  
依据：规程第七百七十三条明确，通风无法恢复时应利用压风管、水管或钻孔向被困区域供给新鲜空气、饮料和食物。  
处置动作：立即启用压风系统或钻孔输送空气与生存物资，同步加固巷道支护，确保救援通道安全。  
责任分工：现场指挥组统筹救援，通风与钻探组负责供风送物，支护组保障退路安全，监测组实时监控气体与顶板状态。",2.58,"[1] 来源：煤矿安全规程2025.pdf；片段：第七百七十三条-762；得分：0.866
第七百七十三条 处理顶板事故时,应当遵守下列规定: (一)迅速恢复冒顶区的通风.如不能恢复,应当利用压风管、 水管或者打钻向被困人员供给新鲜空气、饮料和食物. (二)指定专人检查甲烷浓度、观察顶板和周围支护情况,发现 异常,立即撤出人员. (三)加强巷道支护,防止发生二次冒顶、片帮,保证退路安全 畅通.

[2] 来源：煤矿安全规程2025.pdf；片段：第七百七十四条-763；得分：0.7778
第七百七十四条 处理冲击地压事故时,应当遵守下列规定: (一)分析再次发生冲击地压灾害的可能性,确定合理的救援 方案和路线. (二)迅速恢复灾区的通风.恢复独头巷道通风时,应当按照 排放瓦斯的要求进行. (三)加强巷道支护,保证安全作业空间.巷道破坏严重、有冒 ０ — ９ — ２ 顶危险时,必须采取防止二次冒顶的措施. (四)设专人观察顶板及周围支护情况,检查通风、瓦斯、煤尘, 防止发生次生事故.

[3] 来源：煤矿安全规程2025.pdf；片段：第七百七十五条-764；得分：0.7528
第七百七十五条 处理露天矿边坡和排土场滑坡事故时,应 当遵守下列规定: (一)在事故现场设置警戒区域和警示牌,禁止人员进入警戒 区域. (二)救 援 人 员 和 抢 险 设 备 必 须 从 滑 体 两 侧 安 全 区 域 实 施 救援. (三)应当对救援区域、滑体及周边进行监测,发现有威胁救援 人员安全的情况时立即撤离. 附 则

[4] 来源：煤矿安全规程2025.pdf；片段：第七百六十五条-754；得分：0.7452
第七百六十五条 处理灾变事故时,应当撤出灾区所有人员, 准确统计井下人数,严格控制入井人数;提供救援需要的图纸和技 术资料;组织人力、调配装备和物资参加抢险救援,做好后勤保障 工作.",,0.0,0.0,0.3397,0.8284,0.0,0.0
R08,顶板事故救援,['第七百七十三条'],发生顶板事故且通风一时无法恢复时，对被困人员应采取什么救援措施？,处理顶板事故时，应迅速恢复冒顶区的通风；如不能恢复，应当利用压风管、水管或者打钻向被困人员供给新鲜空气、饮料和食物；同时应指定专人检查甲烷浓度、观察顶板和周围支护情况，发现异常立即撤出人员，并加强巷道支护，防止发生二次冒顶、片帮，保证退路安全畅通。,"['恢复冒顶区通风', '不能恢复时利用压风管水管或打钻供给新鲜空气', '供给饮料和食物', '指定专人检查甲烷浓度', '观察顶板和支护', '异常立即撤人', '加强巷道支护', '防止二次冒顶和片帮', '保证退路安全畅通']",hybrid_graph,混合图检索策略,"风险判断：顶板事故导致通风中断，被困人员面临缺氧、有毒气体积聚及二次冒顶风险。  
依据：规程第七百七十三条明确通风无法恢复时需通过压风管、水管或钻孔供给空气、饮料和食物。  
处置动作：立即利用压风管路或钻孔向被困区域输送新鲜空气，同步检查瓦斯浓度并加固支护。  
责任分工：矿山救护队负责通风恢复与气体检测，现场指挥组协调物资输送与退路保障。",1.816,"[1] 来源：煤矿安全规程2025.pdf；片段：第七百七十三条-762；得分：0.866
第七百七十三条 处理顶板事故时,应当遵守下列规定: (一)迅速恢复冒顶区的通风.如不能恢复,应当利用压风管、 水管或者打钻向被困人员供给新鲜空气、饮料和食物. (二)指定专人检查甲烷浓度、观察顶板和周围支护情况,发现 异常,立即撤出人员. (三)加强巷道支护,防止发生二次冒顶、片帮,保证退路安全 畅通.

[2] 来源：煤矿安全规程2025.pdf；片段：第七百七十四条-763；得分：0.7778
第七百七十四条 处理冲击地压事故时,应当遵守下列规定: (一)分析再次发生冲击地压灾害的可能性,确定合理的救援 方案和路线. (二)迅速恢复灾区的通风.恢复独头巷道通风时,应当按照 排放瓦斯的要求进行. (三)加强巷道支护,保证安全作业空间.巷道破坏严重、有冒 ０ — ９ — ２ 顶危险时,必须采取防止二次冒顶的措施. (四)设专人观察顶板及周围支护情况,检查通风、瓦斯、煤尘, 防止发生次生事故.

[3] 来源：煤矿安全规程2025.pdf；片段：第七百七十五条-764；得分：0.7528
第七百七十五条 处理露天矿边坡和排土场滑坡事故时,应 当遵守下列规定: (一)在事故现场设置警戒区域和警示牌,禁止人员进入警戒 区域. (二)救 援 人 员 和 抢 险 设 备 必 须 从 滑 体 两 侧 安 全 区 域 实 施 救援. (三)应当对救援区域、滑体及周边进行监测,发现有威胁救援 人员安全的情况时立即撤离. 附 则

[4] 来源：煤矿安全规程2025.pdf；片段：第七百六十五条-754；得分：0.7452
第七百六十五条 处理灾变事故时,应当撤出灾区所有人员, 准确统计井下人数,严格控制入井人数;提供救援需要的图纸和技 术资料;组织人力、调配装备和物资参加抢险救援,做好后勤保障 工作.","[1] 主要通风机停止运转 -> APPLIES_TO -> 撤出人员（第一百八十条；证据：主要通风机停止运转时,人员全部撤至应急救援预案规定的安全地带）
[2] 逐段恢复通风 -> PERFORMED_BY -> 矿山救护队（第二百八十四条；证据：启封火区和恢复火区初期通风等工作,必须由矿山救护队负责进行）
[3] 主要通风机停止运转 -> REQUIRES -> 制定应急救援预案（第一百八十条；证据：矿井必须制定主要通风机停止运转的应急救援预案）
[4] 由矿山救护队实施 -> REQUIRES -> 保持原有通风状态（第二百八十二条；证据：启封地点应当保持正常通风）
[5] 检查通风工作 -> PERFORMED_BY -> 矿山救护队（第二百八十四条；证据：每班必须由矿山救护队检查通风工作）",0.0,0.0,0.2917,0.8338,0.0,0.0
R09,火区复燃,['第二百八十四条'],发现火区复燃征兆时，应立即采取哪些措施？启封火区工作完毕后还有什么检查要求？,发现复燃征兆时，必须立即停止向火区送风，并重新封闭火区；在启封火区工作完毕后的 3 天内，每班必须由矿山救护队检查通风工作，并测定有关参数。,"['发现复燃征兆', '立即停止向火区送风', '重新封闭火区', '启封火区工作完毕后3天内', '每班由矿山救护队检查通风工作', '测定有关参数']",pure_llm,纯LLM,"风险判断：火区复燃征兆表明存在复燃风险，可能引发火灾或瓦斯爆炸。  
依据：根据煤矿安全规程，发现复燃征兆必须立即处置，防止灾害扩大。  
处置动作：立即撤出受威胁区域人员，切断电源，加强通风监测，采取注氮、注浆等防灭火措施。  
责任分工：由矿总工程师组织制定方案，通风部门实施防灭火措施，安全监察部门监督执行。  

启封火区后检查要求：连续监测气体成分、温度及密闭墙状况至少30天，确认无复燃迹象，经矿总工程师批准后方可结束封闭。",2.358,,,0.0,0.0,0.1905,0.6575,0.0,0.0
R09,火区复燃,['第二百八十四条'],发现火区复燃征兆时，应立即采取哪些措施？启封火区工作完毕后还有什么检查要求？,发现复燃征兆时，必须立即停止向火区送风，并重新封闭火区；在启封火区工作完毕后的 3 天内，每班必须由矿山救护队检查通风工作，并测定有关参数。,"['发现复燃征兆', '立即停止向火区送风', '重新封闭火区', '启封火区工作完毕后3天内', '每班由矿山救护队检查通风工作', '测定有关参数']",vector_rag,纯向量RAG,"风险判断：火区复燃征兆表明存在复燃或爆炸风险，需立即控制通风并封闭火区。  
依据：规程第二百八十四条明确发现复燃征兆时必须立即停止送风并重新封闭火区。  
处置动作：立即停止向火区送风，重新封闭火区，由矿山救护队负责启封及初期通风。  
责任分工：矿山救护队负责启封火区及初期通风，矿调度室组织人员撤离并启动应急预案。  

启封火区后3天内每班由矿山救护队检查通风、测定水温、空气温度及成分，确认火区完全熄灭且通风良好后方可恢复生产。",1.899,"[1] 来源：煤矿安全规程2025.pdf；片段：第二百八十四条-282；得分：0.9611
第二百八十四条 启封已熄灭的火区前,必须制定安全措施. 启封火区时,应当逐段恢复通风,同时测定回风流中的一氧化 碳、甲烷浓度和风流温度.发现复燃征兆时,必须立即停止向火区 送风,并重新封闭火区. 启封火区和恢复火区初期通风等工作,必须由矿山救护队负 责进行,火区回风风流所经过巷道中的人员必须全部撤出. 在启封火区工作完毕后的３天内,每班必须由矿山救护队检 查通风工作,并测定水温、空气温度和空气成分.只有在确认火区 完全熄灭、通风等情况良好后,方可进行生产工作.

[2] 来源：煤矿安全规程2025.pdf；片段：第二百七十七条-275；得分：0.8912
第二百七十七条 任何人发现井下火灾时,视火灾性质、灾区 通风和瓦斯情况,尽可能直接灭火或者控制火势,并迅速报告矿调 度室.矿调度室在接到井下火灾报告后,应当立即按照灾害预防 和处理计划通知有关人员组织抢救灾区人员和实施灭火工作. 矿值班调度和在现场的区、队、班组长应当依照灾害预防和处 理计划的规定,将所有可能受火灾威胁区域中的人员撤离,并组织 人员灭火.电气设备着火时,应当首先切断其电源;在切断电源前 灭火,必须使用不导电的灭火器材进行灭火. 抢救人员和灭火过程中,必须指定专人检查甲烷、一氧化碳、 煤尘、其他有害气体浓度和风向、风量的变化,并采取防止瓦斯、煤 尘爆炸和人员中毒的安全措施.

[3] 来源：煤矿安全规程2025.pdf；片段：第二百四十九条-247；得分：0.8673
第二百四十九条 发生火灾时,应当立即启动灭火和应急疏 散预案,及时报警,迅速扑救火灾,及时疏散人员.

[4] 来源：煤矿安全规程2025.pdf；片段：第二百七十八条-276；得分：0.8644
第二百七十八条 封闭火区时,应当合理确定封闭范围,必须 检测甲烷、氧气、一氧化碳、二氧化碳、乙烯、乙炔、煤尘浓度和风 向、风量的变化,并采取防止瓦斯、煤尘爆炸和人员窒息、中毒的安 全措施. 封闭有爆炸性危险火区时,应当遵守下列规定: (一)优先采用地面钻孔注浆封闭或者井下远距离控制设备封 闭的措施. (二)严禁在火区的采煤工作面进回风巷内封闭,封闭地点应 当选择在距离火区位置较远的巷道. (三)封闭火区前,封闭所需要的设备设施材料提前准备到位, 撤出全部与封闭施工无关的人员. ７ — ０ — １ (四)封闭火区时,首先建造临时密闭,撤出人员,远距离监测 风向、风量、烟雾和气体组分等参数,稳定２４h以上并确认无爆炸 危险后,再施工隔爆墙,最后施工永久密闭. (五)火区封闭后,只有在采取惰化火区等措施,稳定４８h以 上,经评 估 无 爆 炸 危 险 后,方 可 恢 复 井 下 不 受 火 区 影 响 区 域 的 作业. 火区密闭被爆炸破坏的,只有确认不再发生爆炸的前提下才 能远距离探查.经探查确定合理的火区封闭区域,并按照上述规 定进行火区封闭. 第四节 井下火区管理",,0.0,0.0,0.3504,0.7606,0.0,0.0
R09,火区复燃,['第二百八十四条'],发现火区复燃征兆时，应立即采取哪些措施？启封火区工作完毕后还有什么检查要求？,发现复燃征兆时，必须立即停止向火区送风，并重新封闭火区；在启封火区工作完毕后的 3 天内，每班必须由矿山救护队检查通风工作，并测定有关参数。,"['发现复燃征兆', '立即停止向火区送风', '重新封闭火区', '启封火区工作完毕后3天内', '每班由矿山救护队检查通风工作', '测定有关参数']",hybrid_graph,混合图检索策略,"风险判断：发现火区复燃征兆时存在火灾复燃及瓦斯爆炸风险。  
依据：规程第二百八十四条明确复燃征兆需立即停风并重新封闭火区。  
处置动作：立即停止向火区送风，由矿山救护队重新封闭火区，撤出受影响区域人员。  
责任分工：矿山救护队负责封闭与初期通风，矿调度室组织人员撤离并启动应急预案。  

启封后检查要求：工作完毕后3天内每班由矿山救护队检查通风、测定水温、空气温度及成分，确认火区完全熄灭后方可恢复生产。",10.029,"[1] 来源：煤矿安全规程2025.pdf；片段：第二百八十四条-282；得分：0.9611
第二百八十四条 启封已熄灭的火区前,必须制定安全措施. 启封火区时,应当逐段恢复通风,同时测定回风流中的一氧化 碳、甲烷浓度和风流温度.发现复燃征兆时,必须立即停止向火区 送风,并重新封闭火区. 启封火区和恢复火区初期通风等工作,必须由矿山救护队负 责进行,火区回风风流所经过巷道中的人员必须全部撤出. 在启封火区工作完毕后的３天内,每班必须由矿山救护队检 查通风工作,并测定水温、空气温度和空气成分.只有在确认火区 完全熄灭、通风等情况良好后,方可进行生产工作.

[2] 来源：煤矿安全规程2025.pdf；片段：第二百七十七条-275；得分：0.8912
第二百七十七条 任何人发现井下火灾时,视火灾性质、灾区 通风和瓦斯情况,尽可能直接灭火或者控制火势,并迅速报告矿调 度室.矿调度室在接到井下火灾报告后,应当立即按照灾害预防 和处理计划通知有关人员组织抢救灾区人员和实施灭火工作. 矿值班调度和在现场的区、队、班组长应当依照灾害预防和处 理计划的规定,将所有可能受火灾威胁区域中的人员撤离,并组织 人员灭火.电气设备着火时,应当首先切断其电源;在切断电源前 灭火,必须使用不导电的灭火器材进行灭火. 抢救人员和灭火过程中,必须指定专人检查甲烷、一氧化碳、 煤尘、其他有害气体浓度和风向、风量的变化,并采取防止瓦斯、煤 尘爆炸和人员中毒的安全措施.

[3] 来源：煤矿安全规程2025.pdf；片段：第二百四十九条-247；得分：0.8673
第二百四十九条 发生火灾时,应当立即启动灭火和应急疏 散预案,及时报警,迅速扑救火灾,及时疏散人员.

[4] 来源：煤矿安全规程2025.pdf；片段：第二百七十八条-276；得分：0.8644
第二百七十八条 封闭火区时,应当合理确定封闭范围,必须 检测甲烷、氧气、一氧化碳、二氧化碳、乙烯、乙炔、煤尘浓度和风 向、风量的变化,并采取防止瓦斯、煤尘爆炸和人员窒息、中毒的安 全措施. 封闭有爆炸性危险火区时,应当遵守下列规定: (一)优先采用地面钻孔注浆封闭或者井下远距离控制设备封 闭的措施. (二)严禁在火区的采煤工作面进回风巷内封闭,封闭地点应 当选择在距离火区位置较远的巷道. (三)封闭火区前,封闭所需要的设备设施材料提前准备到位, 撤出全部与封闭施工无关的人员. ７ — ０ — １ (四)封闭火区时,首先建造临时密闭,撤出人员,远距离监测 风向、风量、烟雾和气体组分等参数,稳定２４h以上并确认无爆炸 危险后,再施工隔爆墙,最后施工永久密闭. (五)火区封闭后,只有在采取惰化火区等措施,稳定４８h以 上,经评 估 无 爆 炸 危 险 后,方 可 恢 复 井 下 不 受 火 区 影 响 区 域 的 作业. 火区密闭被爆炸破坏的,只有确认不再发生爆炸的前提下才 能远距离探查.经探查确定合理的火区封闭区域,并按照上述规 定进行火区封闭. 第四节 井下火区管理","[1] 检查密闭墙墙体 -> HAS_RISK -> 火灾风险（第二百八十一条；条件：abnormal_fire_area；证据：发现封闭不严、有其他缺陷或者火区有异常变化时,必须采取措施及时处理）
[2] 火灾爆炸 -> APPLIES_TO -> 检查压力表完好（第六百九十条；条件：使用气瓶前；证据：使用气瓶前必须检查压力表,确保完好无损）
[3] 火灾爆炸 -> APPLIES_TO -> 检查电焊机绝缘（第六百九十条；条件：电焊机及电焊用具；证据：电焊机及电焊用具的绝缘必须合格）
[4] 火灾 -> APPLIES_TO -> 检测甲烷、氧气、一氧化碳、二氧化碳、乙烯、乙炔、煤尘浓度和风向、风量（第二百七十七条；证据：抢救人员和灭火过程中,必须指定专人检查甲烷、一氧化碳、煤尘、其他有害气体浓度和风向、风量的变化）
[5] 发现复燃征兆 -> IF -> 重新封闭火区（第二百八十四条；证据：发现复燃征兆时,必须立即停止向火区送风,并重新封闭火区）",0.0,0.0,0.3678,0.8042,0.0,0.0
R10,应急救援预案管理,['第七百三十一条'],煤矿企业在应急救援预案编制、批准、备案和修订方面有哪些要求？,煤矿企业必须结合本单位实际，针对存在的风险和可能发生的事故特点编制应急救援预案，并组织评审，由本单位主要负责人批准后实施；应与所在地政府及煤矿安全监管部门组织制定的生产安全事故应急救援预案相衔接，并按照分级属地原则备案；当应急救援预案主要内容发生变化，或者在事故处置和应急演练中发现存在重大问题时，应及时修订完善。,"['结合本单位实际', '针对风险和事故特点编制应急救援预案', '组织评审', '主要负责人批准后实施', '与地方应急预案相衔接', '分级属地原则备案', '主要内容发生变化及时修订', '演练或事故处置发现重大问题及时修订']",pure_llm,纯LLM,"风险判断：预案编制不完善可能导致应急响应不及时，造成事故扩大。  
依据：依据《生产安全事故应急条例》《煤矿安全规程》等法规要求，煤矿企业必须制定科学可行的应急救援预案。  
处置动作：预案应结合矿井实际风险编制，经主要负责人批准后实施，并按规定报应急管理部门和行业主管部门备案；定期组织评审，遇重大变化及时修订。  
责任分工：企业主要负责人负责组织编制、批准和发布；安全管理部门牵头修订与备案；各业务部门参与风险评估和预案更新，确保预案实用有效。",1.865,,,0.0,0.0,0.2252,0.9041,0.0,0.0
R10,应急救援预案管理,['第七百三十一条'],煤矿企业在应急救援预案编制、批准、备案和修订方面有哪些要求？,煤矿企业必须结合本单位实际，针对存在的风险和可能发生的事故特点编制应急救援预案，并组织评审，由本单位主要负责人批准后实施；应与所在地政府及煤矿安全监管部门组织制定的生产安全事故应急救援预案相衔接，并按照分级属地原则备案；当应急救援预案主要内容发生变化，或者在事故处置和应急演练中发现存在重大问题时，应及时修订完善。,"['结合本单位实际', '针对风险和事故特点编制应急救援预案', '组织评审', '主要负责人批准后实施', '与地方应急预案相衔接', '分级属地原则备案', '主要内容发生变化及时修订', '演练或事故处置发现重大问题及时修订']",vector_rag,纯向量RAG,"风险判断：未按要求编制、批准、备案或修订应急救援预案可能导致应急响应失效，引发重大事故。  
依据：《煤矿安全规程2025》第七百三十一条规定预案须结合实际编制、评审、主要负责人批准，并分级属地备案，内容变化或发现问题应及时修订。  
处置动作：企业应组织预案编制与评审，经主要负责人批准后实施，及时备案并动态修订，确保与地方政府预案衔接。  
责任分工：煤矿企业主要负责人为第一责任人，负责组织预案编制、审批、备案及修订工作，应急管理部门监督执行。",1.667,"[1] 来源：煤矿安全规程2025.pdf；片段：第七百三十一条-721；得分：1.0075
第七百三十一条 煤矿企业必须结合本单位实际,针对存在 的风险和可能发生的事故特点,编制应急救援预案并组织评审,由 本单位主要负责人批准后实施;应急救援预案应当体现自救互救 和先期处置等特点,与所在地县级以上地方人民政府及其煤矿安 全监管部门组织制定的生产安全事故应急救援预案相衔接,并按 照分级属地原则向县级以上人民政府应急管理部门和煤矿安全监 管部门备案,抄送驻地矿山安全监察机构. 应急救援预案的主要内容发生变化,或者在事故处置和应急 演练中发现存在重大问题时,及时修订完善.

[2] 来源：煤矿安全规程2025.pdf；片段：第七百五十八条-747；得分：1.0029
第七百五十八条 煤矿企业应当根据矿井灾害特点,结合所 在区域实际情况,储备必要的应急救援装备及物资,由主要负责人 审批.重点加强潜水电泵及配套管线、救援钻机及其配套设备、快 速掘进与支护设备、应急通信装备等的储备. 煤矿企业应当建立应急救援装备和物资台账,健全其储存、维 护保养和应急调用等管理制度.

[3] 来源：煤矿安全规程2025.pdf；片段：第二十一条-022；得分：0.9768
第二十一条 煤矿企业、煤矿必须建立应急救援组织,健全规 章制度,编制应急救援预案,每年至少组织１次全员应急救援培 训,每半年至少组织１次应急演练,储备应急救援物资、装备并定 期检查补充. 煤矿必须建立矿井安全避险系统,对井下人员进行安全避险 培训.

[4] 来源：煤矿安全规程2025.pdf；片段：第七百二十九条-719；得分：0.9571
第七百二十九条 煤矿企业应当落实应急管理主体责任,建 立健全事故预警、应急值守、信息报告、现场处置、应急投入、救援 装备和物资储备、安全避险设施管理和使用等规章制度,主要负责 人是应急管理和事故救援工作的第一责任人.",,0.0,0.0,0.2359,0.8599,0.0,0.0
R10,应急救援预案管理,['第七百三十一条'],煤矿企业在应急救援预案编制、批准、备案和修订方面有哪些要求？,煤矿企业必须结合本单位实际，针对存在的风险和可能发生的事故特点编制应急救援预案，并组织评审，由本单位主要负责人批准后实施；应与所在地政府及煤矿安全监管部门组织制定的生产安全事故应急救援预案相衔接，并按照分级属地原则备案；当应急救援预案主要内容发生变化，或者在事故处置和应急演练中发现存在重大问题时，应及时修订完善。,"['结合本单位实际', '针对风险和事故特点编制应急救援预案', '组织评审', '主要负责人批准后实施', '与地方应急预案相衔接', '分级属地原则备案', '主要内容发生变化及时修订', '演练或事故处置发现重大问题及时修订']",hybrid_graph,混合图检索策略,"风险判断：未按规定编制、批准、备案或修订预案将导致应急响应失效。  
依据：第七百三十一条明确预案编制需结合实际风险，经主要负责人批准后实施，并按规定备案。  
处置动作：预案内容变化或演练发现问题时，应及时修订并重新备案。  
责任分工：煤矿企业主要负责人是预案管理第一责任人，负责组织编制、批准和备案工作。",1.912,"[1] 来源：煤矿安全规程2025.pdf；片段：第七百三十一条-721；得分：1.0075
第七百三十一条 煤矿企业必须结合本单位实际,针对存在 的风险和可能发生的事故特点,编制应急救援预案并组织评审,由 本单位主要负责人批准后实施;应急救援预案应当体现自救互救 和先期处置等特点,与所在地县级以上地方人民政府及其煤矿安 全监管部门组织制定的生产安全事故应急救援预案相衔接,并按 照分级属地原则向县级以上人民政府应急管理部门和煤矿安全监 管部门备案,抄送驻地矿山安全监察机构. 应急救援预案的主要内容发生变化,或者在事故处置和应急 演练中发现存在重大问题时,及时修订完善.

[2] 来源：煤矿安全规程2025.pdf；片段：第七百五十八条-747；得分：1.0029
第七百五十八条 煤矿企业应当根据矿井灾害特点,结合所 在区域实际情况,储备必要的应急救援装备及物资,由主要负责人 审批.重点加强潜水电泵及配套管线、救援钻机及其配套设备、快 速掘进与支护设备、应急通信装备等的储备. 煤矿企业应当建立应急救援装备和物资台账,健全其储存、维 护保养和应急调用等管理制度.

[3] 来源：煤矿安全规程2025.pdf；片段：第二十一条-022；得分：0.9768
第二十一条 煤矿企业、煤矿必须建立应急救援组织,健全规 章制度,编制应急救援预案,每年至少组织１次全员应急救援培 训,每半年至少组织１次应急演练,储备应急救援物资、装备并定 期检查补充. 煤矿必须建立矿井安全避险系统,对井下人员进行安全避险 培训.

[4] 来源：煤矿安全规程2025.pdf；片段：第七百二十九条-719；得分：0.9571
第七百二十九条 煤矿企业应当落实应急管理主体责任,建 立健全事故预警、应急值守、信息报告、现场处置、应急投入、救援 装备和物资储备、安全避险设施管理和使用等规章制度,主要负责 人是应急管理和事故救援工作的第一责任人.","[1] 煤矿企业、煤矿必须建立应急救援组织 -> CONTAINS -> 编制应急救援预案（第二十一条；证据：编制应急救援预案）
[2] 编制应急救援预案 -> NEXT -> 组织评审（第七百三十一条；证据：编制应急救援预案并组织评审）
[3] 建设单位 -> REQUIRES -> 编制应急救援预案（第五十七条；证据：建设单位应当编制应急救援预案）
[4] 第七百三十一条 -> CONTAINS -> 编制应急救援预案（第七百三十一条；证据：煤矿企业必须结合本单位实际,针对存在的风险和可能发生的事故特点,编制应急救援预案）
[5] 启动应急响应 -> REQUIRES -> 应急救援预案（第七百三十七条；证据：按照应急救援预案启动应急响应）",0.0,0.0,0.297,0.7851,0.0,0.0
